Lag (s),Cross-correlation
-2799,0.0
-2798,0.0
-2797,0.0
-2796,0.0
-2795,0.0
-2794,0.0
-2793,0.0
-2792,0.0
-2791,0.0
-2790,0.0
-2789,0.0
-2788,0.0
-2787,0.0
-2786,0.0
-2785,0.0
-2784,0.0
-2783,0.0
-2782,0.0
-2781,0.0
-2780,0.0
-2779,0.0
-2778,0.0
-2777,0.0
-2776,0.0
-2775,0.0
-2774,0.0
-2773,0.0
-2772,0.0
-2771,0.0
-2770,0.0
-2769,0.0
-2768,0.0
-2767,0.0
-2766,0.0
-2765,0.0
-2764,0.0
-2763,0.0
-2762,0.0
-2761,0.0
-2760,0.0
-2759,0.003125
-2758,0.0
-2757,0.0
-2756,0.003125
-2755,0.0
-2754,0.0
-2753,0.0
-2752,0.0
-2751,0.0
-2750,0.0
-2749,0.0
-2748,0.003125
-2747,0.003125
-2746,0.0
-2745,0.0
-2744,0.003125
-2743,0.0
-2742,0.0
-2741,0.0
-2740,0.0
-2739,0.0
-2738,0.0
-2737,0.0
-2736,0.003125
-2735,0.003125
-2734,0.0
-2733,0.0
-2732,0.0
-2731,0.0
-2730,0.003125
-2729,0.0
-2728,0.0
-2727,0.003125
-2726,0.0
-2725,0.0
-2724,0.003125
-2723,0.003125
-2722,0.0
-2721,0.0
-2720,0.0
-2719,0.0
-2718,0.003125
-2717,0.0
-2716,0.003125
-2715,0.0
-2714,0.0
-2713,0.0
-2712,0.0
-2711,0.0
-2710,0.0
-2709,0.0
-2708,0.0
-2707,0.0
-2706,0.0
-2705,0.0
-2704,0.0
-2703,0.003125
-2702,0.0
-2701,0.0
-2700,0.0
-2699,0.0
-2698,0.003125
-2697,0.0
-2696,0.0
-2695,0.0
-2694,0.0
-2693,0.0
-2692,0.003125
-2691,0.003125
-2690,0.0
-2689,0.003125
-2688,0.0
-2687,0.0
-2686,0.0
-2685,0.0
-2684,0.0
-2683,0.0
-2682,0.0
-2681,0.003125
-2680,0.0
-2679,0.0125
-2678,0.0
-2677,0.0
-2676,0.00625
-2675,0.0
-2674,0.0
-2673,0.003125
-2672,0.0
-2671,0.0
-2670,0.0
-2669,0.0
-2668,0.0125
-2667,0.003125
-2666,0.0
-2665,0.0
-2664,0.00625
-2663,0.009375
-2662,0.0
-2661,0.00625
-2660,0.00625
-2659,0.003125
-2658,0.0
-2657,0.0
-2656,0.003125
-2655,0.00625
-2654,0.0
-2653,0.003125
-2652,0.009375
-2651,0.003125
-2650,0.00625
-2649,0.0
-2648,0.0
-2647,0.003125
-2646,0.0
-2645,0.003125
-2644,0.003125
-2643,0.0
-2642,0.0
-2641,0.009375
-2640,0.003125
-2639,0.0125
-2638,0.00625
-2637,0.0
-2636,0.003125
-2635,0.003125
-2634,0.00625
-2633,0.003125
-2632,0.00625
-2631,0.003125
-2630,0.00625
-2629,0.0
-2628,0.003125
-2627,0.00625
-2626,0.003125
-2625,0.0
-2624,0.009375
-2623,0.0
-2622,0.003125
-2621,0.0
-2620,0.003125
-2619,0.003125
-2618,0.003125
-2617,0.00625
-2616,0.00625
-2615,0.00625
-2614,0.003125
-2613,0.00625
-2612,0.015625
-2611,0.00625
-2610,0.003125
-2609,0.003125
-2608,0.0
-2607,0.0125
-2606,0.00625
-2605,0.003125
-2604,0.00625
-2603,0.00625
-2602,0.003125
-2601,0.009375
-2600,0.003125
-2599,0.00625
-2598,0.00625
-2597,0.0125
-2596,0.003125
-2595,0.009375
-2594,0.009375
-2593,0.0125
-2592,0.00625
-2591,0.0
-2590,0.003125
-2589,0.00625
-2588,0.00625
-2587,0.00625
-2586,0.003125
-2585,0.00625
-2584,0.015625
-2583,0.0125
-2582,0.0
-2581,0.0
-2580,0.015625
-2579,0.00625
-2578,0.00625
-2577,0.015625
-2576,0.009375
-2575,0.009375
-2574,0.003125
-2573,0.0125
-2572,0.015625
-2571,0.009375
-2570,0.003125
-2569,0.009375
-2568,0.0125
-2567,0.00625
-2566,0.00625
-2565,0.009375
-2564,0.00625
-2563,0.00625
-2562,0.0
-2561,0.009375
-2560,0.0
-2559,0.01875
-2558,0.003125
-2557,0.003125
-2556,0.009375
-2555,0.01875
-2554,0.00625
-2553,0.003125
-2552,0.0
-2551,0.00625
-2550,0.015625
-2549,0.009375
-2548,0.01875
-2547,0.00625
-2546,0.015625
-2545,0.003125
-2544,0.015625
-2543,0.009375
-2542,0.00625
-2541,0.009375
-2540,0.009375
-2539,0.0
-2538,0.003125
-2537,0.0
-2536,0.015625
-2535,0.009375
-2534,0.003125
-2533,0.009375
-2532,0.0125
-2531,0.003125
-2530,0.0125
-2529,0.0125
-2528,0.009375
-2527,0.01875
-2526,0.0125
-2525,0.003125
-2524,0.009375
-2523,0.0125
-2522,0.0
-2521,0.0125
-2520,0.0125
-2519,0.01875
-2518,0.009375
-2517,0.021875
-2516,0.003125
-2515,0.003125
-2514,0.00625
-2513,0.015625
-2512,0.015625
-2511,0.015625
-2510,0.0125
-2509,0.01875
-2508,0.0125
-2507,0.021875
-2506,0.009375
-2505,0.003125
-2504,0.0125
-2503,0.009375
-2502,0.015625
-2501,0.025
-2500,0.003125
-2499,0.01875
-2498,0.00625
-2497,0.015625
-2496,0.021875
-2495,0.009375
-2494,0.0125
-2493,0.003125
-2492,0.015625
-2491,0.0125
-2490,0.015625
-2489,0.03125
-2488,0.00625
-2487,0.0125
-2486,0.025
-2485,0.009375
-2484,0.01875
-2483,0.021875
-2482,0.00625
-2481,0.01875
-2480,0.003125
-2479,0.028125
-2478,0.0
-2477,0.009375
-2476,0.0125
-2475,0.0125
-2474,0.009375
-2473,0.00625
-2472,0.0125
-2471,0.0125
-2470,0.00625
-2469,0.01875
-2468,0.009375
-2467,0.0125
-2466,0.0125
-2465,0.015625
-2464,0.021875
-2463,0.0125
-2462,0.0125
-2461,0.0125
-2460,0.025
-2459,0.00625
-2458,0.003125
-2457,0.009375
-2456,0.009375
-2455,0.0125
-2454,0.009375
-2453,0.009375
-2452,0.028125
-2451,0.003125
-2450,0.0125
-2449,0.009375
-2448,0.01875
-2447,0.009375
-2446,0.009375
-2445,0.015625
-2444,0.0125
-2443,0.009375
-2442,0.021875
-2441,0.0
-2440,0.01875
-2439,0.025
-2438,0.021875
-2437,0.0125
-2436,0.00625
-2435,0.021875
-2434,0.01875
-2433,0.021875
-2432,0.00625
-2431,0.003125
-2430,0.00625
-2429,0.009375
-2428,0.015625
-2427,0.015625
-2426,0.009375
-2425,0.01875
-2424,0.025
-2423,0.01875
-2422,0.015625
-2421,0.0125
-2420,0.009375
-2419,0.0125
-2418,0.015625
-2417,0.028125
-2416,0.0125
-2415,0.025
-2414,0.0125
-2413,0.00625
-2412,0.015625
-2411,0.028125
-2410,0.00625
-2409,0.00625
-2408,0.009375
-2407,0.009375
-2406,0.025
-2405,0.021875
-2404,0.00625
-2403,0.0125
-2402,0.00625
-2401,0.0375
-2400,0.0125
-2399,0.021875
-2398,0.00625
-2397,0.015625
-2396,0.021875
-2395,0.021875
-2394,0.0125
-2393,0.009375
-2392,0.009375
-2391,0.0125
-2390,0.028125
-2389,0.0125
-2388,0.0125
-2387,0.015625
-2386,0.0125
-2385,0.028125
-2384,0.015625
-2383,0.01875
-2382,0.00625
-2381,0.0125
-2380,0.0125
-2379,0.0125
-2378,0.021875
-2377,0.025
-2376,0.03125
-2375,0.01875
-2374,0.0125
-2373,0.021875
-2372,0.009375
-2371,0.00625
-2370,0.015625
-2369,0.01875
-2368,0.028125
-2367,0.0125
-2366,0.009375
-2365,0.009375
-2364,0.025
-2363,0.015625
-2362,0.00625
-2361,0.0125
-2360,0.0125
-2359,0.0125
-2358,0.03125
-2357,0.034375
-2356,0.00625
-2355,0.015625
-2354,0.015625
-2353,0.01875
-2352,0.021875
-2351,0.01875
-2350,0.0125
-2349,0.009375
-2348,0.025
-2347,0.015625
-2346,0.03125
-2345,0.0125
-2344,0.00625
-2343,0.015625
-2342,0.0125
-2341,0.009375
-2340,0.03125
-2339,0.021875
-2338,0.0125
-2337,0.028125
-2336,0.015625
-2335,0.009375
-2334,0.0125
-2333,0.021875
-2332,0.021875
-2331,0.021875
-2330,0.025
-2329,0.0125
-2328,0.015625
-2327,0.015625
-2326,0.009375
-2325,0.01875
-2324,0.009375
-2323,0.015625
-2322,0.015625
-2321,0.01875
-2320,0.0125
-2319,0.015625
-2318,0.021875
-2317,0.03125
-2316,0.003125
-2315,0.009375
-2314,0.0125
-2313,0.015625
-2312,0.021875
-2311,0.00625
-2310,0.028125
-2309,0.0125
-2308,0.021875
-2307,0.015625
-2306,0.01875
-2305,0.028125
-2304,0.00625
-2303,0.009375
-2302,0.0125
-2301,0.015625
-2300,0.015625
-2299,0.021875
-2298,0.00625
-2297,0.009375
-2296,0.009375
-2295,0.01875
-2294,0.015625
-2293,0.0125
-2292,0.01875
-2291,0.0125
-2290,0.03125
-2289,0.0125
-2288,0.009375
-2287,0.01875
-2286,0.028125
-2285,0.021875
-2284,0.015625
-2283,0.021875
-2282,0.009375
-2281,0.015625
-2280,0.0375
-2279,0.0
-2278,0.00625
-2277,0.009375
-2276,0.021875
-2275,0.01875
-2274,0.0125
-2273,0.03125
-2272,0.00625
-2271,0.009375
-2270,0.028125
-2269,0.015625
-2268,0.01875
-2267,0.01875
-2266,0.01875
-2265,0.015625
-2264,0.01875
-2263,0.028125
-2262,0.021875
-2261,0.0125
-2260,0.015625
-2259,0.009375
-2258,0.03125
-2257,0.025
-2256,0.021875
-2255,0.015625
-2254,0.00625
-2253,0.025
-2252,0.028125
-2251,0.015625
-2250,0.015625
-2249,0.01875
-2248,0.01875
-2247,0.01875
-2246,0.025
-2245,0.021875
-2244,0.009375
-2243,0.0
-2242,0.025
-2241,0.01875
-2240,0.01875
-2239,0.028125
-2238,0.015625
-2237,0.01875
-2236,0.009375
-2235,0.021875
-2234,0.01875
-2233,0.0125
-2232,0.0125
-2231,0.00625
-2230,0.015625
-2229,0.025
-2228,0.01875
-2227,0.015625
-2226,0.025
-2225,0.015625
-2224,0.028125
-2223,0.025
-2222,0.01875
-2221,0.015625
-2220,0.00625
-2219,0.025
-2218,0.0125
-2217,0.015625
-2216,0.00625
-2215,0.01875
-2214,0.009375
-2213,0.015625
-2212,0.021875
-2211,0.003125
-2210,0.009375
-2209,0.015625
-2208,0.015625
-2207,0.015625
-2206,0.034375
-2205,0.028125
-2204,0.00625
-2203,0.01875
-2202,0.025
-2201,0.028125
-2200,0.025
-2199,0.015625
-2198,0.025
-2197,0.025
-2196,0.025
-2195,0.0125
-2194,0.00625
-2193,0.015625
-2192,0.015625
-2191,0.028125
-2190,0.015625
-2189,0.025
-2188,0.00625
-2187,0.021875
-2186,0.0125
-2185,0.021875
-2184,0.021875
-2183,0.009375
-2182,0.015625
-2181,0.025
-2180,0.03125
-2179,0.028125
-2178,0.03125
-2177,0.01875
-2176,0.0125
-2175,0.025
-2174,0.03125
-2173,0.015625
-2172,0.01875
-2171,0.025
-2170,0.015625
-2169,0.025
-2168,0.015625
-2167,0.015625
-2166,0.015625
-2165,0.025
-2164,0.021875
-2163,0.009375
-2162,0.034375
-2161,0.028125
-2160,0.021875
-2159,0.034375
-2158,0.028125
-2157,0.021875
-2156,0.021875
-2155,0.01875
-2154,0.0125
-2153,0.021875
-2152,0.028125
-2151,0.021875
-2150,0.015625
-2149,0.0375
-2148,0.021875
-2147,0.015625
-2146,0.028125
-2145,0.009375
-2144,0.028125
-2143,0.028125
-2142,0.025
-2141,0.03125
-2140,0.03125
-2139,0.034375
-2138,0.009375
-2137,0.025
-2136,0.021875
-2135,0.01875
-2134,0.028125
-2133,0.028125
-2132,0.015625
-2131,0.0125
-2130,0.034375
-2129,0.003125
-2128,0.01875
-2127,0.00625
-2126,0.015625
-2125,0.025
-2124,0.015625
-2123,0.028125
-2122,0.021875
-2121,0.01875
-2120,0.00625
-2119,0.01875
-2118,0.025
-2117,0.021875
-2116,0.021875
-2115,0.0125
-2114,0.015625
-2113,0.040625
-2112,0.034375
-2111,0.015625
-2110,0.01875
-2109,0.0125
-2108,0.021875
-2107,0.028125
-2106,0.021875
-2105,0.01875
-2104,0.0125
-2103,0.028125
-2102,0.0125
-2101,0.028125
-2100,0.01875
-2099,0.0125
-2098,0.025
-2097,0.03125
-2096,0.03125
-2095,0.025
-2094,0.01875
-2093,0.034375
-2092,0.015625
-2091,0.046875
-2090,0.015625
-2089,0.04375
-2088,0.025
-2087,0.003125
-2086,0.01875
-2085,0.025
-2084,0.025
-2083,0.025
-2082,0.015625
-2081,0.034375
-2080,0.01875
-2079,0.021875
-2078,0.040625
-2077,0.025
-2076,0.021875
-2075,0.0125
-2074,0.034375
-2073,0.028125
-2072,0.015625
-2071,0.034375
-2070,0.025
-2069,0.028125
-2068,0.03125
-2067,0.025
-2066,0.021875
-2065,0.015625
-2064,0.028125
-2063,0.025
-2062,0.028125
-2061,0.01875
-2060,0.034375
-2059,0.015625
-2058,0.015625
-2057,0.025
-2056,0.028125
-2055,0.021875
-2054,0.025
-2053,0.025
-2052,0.01875
-2051,0.025
-2050,0.0375
-2049,0.034375
-2048,0.03125
-2047,0.01875
-2046,0.053125
-2045,0.025
-2044,0.0125
-2043,0.034375
-2042,0.021875
-2041,0.03125
-2040,0.034375
-2039,0.025
-2038,0.0125
-2037,0.021875
-2036,0.03125
-2035,0.01875
-2034,0.025
-2033,0.0375
-2032,0.028125
-2031,0.028125
-2030,0.025
-2029,0.025
-2028,0.025
-2027,0.034375
-2026,0.015625
-2025,0.025
-2024,0.028125
-2023,0.03125
-2022,0.028125
-2021,0.021875
-2020,0.021875
-2019,0.021875
-2018,0.034375
-2017,0.021875
-2016,0.028125
-2015,0.01875
-2014,0.021875
-2013,0.021875
-2012,0.03125
-2011,0.04375
-2010,0.01875
-2009,0.003125
-2008,0.0125
-2007,0.028125
-2006,0.015625
-2005,0.03125
-2004,0.03125
-2003,0.040625
-2002,0.028125
-2001,0.04375
-2000,0.040625
-1999,0.009375
-1998,0.034375
-1997,0.01875
-1996,0.034375
-1995,0.034375
-1994,0.021875
-1993,0.021875
-1992,0.009375
-1991,0.04375
-1990,0.03125
-1989,0.009375
-1988,0.021875
-1987,0.015625
-1986,0.0375
-1985,0.03125
-1984,0.028125
-1983,0.025
-1982,0.0375
-1981,0.01875
-1980,0.028125
-1979,0.01875
-1978,0.034375
-1977,0.025
-1976,0.015625
-1975,0.021875
-1974,0.028125
-1973,0.028125
-1972,0.05625
-1971,0.015625
-1970,0.021875
-1969,0.0375
-1968,0.04375
-1967,0.01875
-1966,0.028125
-1965,0.025
-1964,0.04375
-1963,0.046875
-1962,0.0375
-1961,0.021875
-1960,0.0125
-1959,0.040625
-1958,0.028125
-1957,0.05
-1956,0.021875
-1955,0.025
-1954,0.0375
-1953,0.021875
-1952,0.028125
-1951,0.03125
-1950,0.04375
-1949,0.015625
-1948,0.021875
-1947,0.025
-1946,0.03125
-1945,0.04375
-1944,0.040625
-1943,0.05
-1942,0.0125
-1941,0.040625
-1940,0.025
-1939,0.021875
-1938,0.034375
-1937,0.015625
-1936,0.03125
-1935,0.034375
-1934,0.040625
-1933,0.01875
-1932,0.025
-1931,0.025
-1930,0.021875
-1929,0.021875
-1928,0.034375
-1927,0.025
-1926,0.034375
-1925,0.0375
-1924,0.034375
-1923,0.0375
-1922,0.028125
-1921,0.04375
-1920,0.034375
-1919,0.0375
-1918,0.0375
-1917,0.025
-1916,0.025
-1915,0.028125
-1914,0.03125
-1913,0.034375
-1912,0.0375
-1911,0.046875
-1910,0.025
-1909,0.028125
-1908,0.025
-1907,0.053125
-1906,0.025
-1905,0.0375
-1904,0.028125
-1903,0.03125
-1902,0.04375
-1901,0.021875
-1900,0.015625
-1899,0.040625
-1898,0.040625
-1897,0.025
-1896,0.040625
-1895,0.034375
-1894,0.021875
-1893,0.021875
-1892,0.0375
-1891,0.015625
-1890,0.021875
-1889,0.040625
-1888,0.015625
-1887,0.040625
-1886,0.034375
-1885,0.03125
-1884,0.034375
-1883,0.0125
-1882,0.025
-1881,0.015625
-1880,0.028125
-1879,0.021875
-1878,0.01875
-1877,0.021875
-1876,0.025
-1875,0.028125
-1874,0.040625
-1873,0.034375
-1872,0.021875
-1871,0.015625
-1870,0.028125
-1869,0.01875
-1868,0.01875
-1867,0.021875
-1866,0.015625
-1865,0.025
-1864,0.0625
-1863,0.046875
-1862,0.0125
-1861,0.034375
-1860,0.025
-1859,0.04375
-1858,0.01875
-1857,0.040625
-1856,0.01875
-1855,0.040625
-1854,0.0375
-1853,0.01875
-1852,0.053125
-1851,0.01875
-1850,0.0375
-1849,0.0125
-1848,0.009375
-1847,0.03125
-1846,0.034375
-1845,0.053125
-1844,0.021875
-1843,0.028125
-1842,0.046875
-1841,0.04375
-1840,0.0375
-1839,0.0375
-1838,0.025
-1837,0.034375
-1836,0.04375
-1835,0.028125
-1834,0.05
-1833,0.025
-1832,0.065625
-1831,0.034375
-1830,0.021875
-1829,0.04375
-1828,0.01875
-1827,0.021875
-1826,0.01875
-1825,0.040625
-1824,0.009375
-1823,0.028125
-1822,0.03125
-1821,0.028125
-1820,0.025
-1819,0.05
-1818,0.025
-1817,0.025
-1816,0.0375
-1815,0.04375
-1814,0.0375
-1813,0.028125
-1812,0.040625
-1811,0.05
-1810,0.0375
-1809,0.03125
-1808,0.03125
-1807,0.034375
-1806,0.025
-1805,0.025
-1804,0.034375
-1803,0.0375
-1802,0.046875
-1801,0.028125
-1800,0.034375
-1799,0.01875
-1798,0.04375
-1797,0.04375
-1796,0.040625
-1795,0.03125
-1794,0.040625
-1793,0.01875
-1792,0.025
-1791,0.025
-1790,0.034375
-1789,0.01875
-1788,0.03125
-1787,0.0375
-1786,0.040625
-1785,0.025
-1784,0.03125
-1783,0.021875
-1782,0.03125
-1781,0.0375
-1780,0.025
-1779,0.025
-1778,0.015625
-1777,0.021875
-1776,0.025
-1775,0.053125
-1774,0.01875
-1773,0.015625
-1772,0.021875
-1771,0.034375
-1770,0.04375
-1769,0.025
-1768,0.034375
-1767,0.025
-1766,0.05
-1765,0.028125
-1764,0.028125
-1763,0.0375
-1762,0.0375
-1761,0.040625
-1760,0.0125
-1759,0.04375
-1758,0.0375
-1757,0.0375
-1756,0.028125
-1755,0.025
-1754,0.028125
-1753,0.0125
-1752,0.053125
-1751,0.03125
-1750,0.034375
-1749,0.053125
-1748,0.053125
-1747,0.034375
-1746,0.0375
-1745,0.040625
-1744,0.025
-1743,0.05
-1742,0.053125
-1741,0.053125
-1740,0.034375
-1739,0.05
-1738,0.04375
-1737,0.021875
-1736,0.059375
-1735,0.03125
-1734,0.04375
-1733,0.034375
-1732,0.025
-1731,0.034375
-1730,0.065625
-1729,0.03125
-1728,0.05
-1727,0.05625
-1726,0.03125
-1725,0.028125
-1724,0.03125
-1723,0.053125
-1722,0.0625
-1721,0.040625
-1720,0.01875
-1719,0.03125
-1718,0.040625
-1717,0.025
-1716,0.0375
-1715,0.040625
-1714,0.046875
-1713,0.04375
-1712,0.03125
-1711,0.040625
-1710,0.0375
-1709,0.05
-1708,0.021875
-1707,0.0375
-1706,0.059375
-1705,0.05
-1704,0.021875
-1703,0.04375
-1702,0.053125
-1701,0.04375
-1700,0.0375
-1699,0.040625
-1698,0.040625
-1697,0.028125
-1696,0.03125
-1695,0.046875
-1694,0.03125
-1693,0.015625
-1692,0.04375
-1691,0.05
-1690,0.059375
-1689,0.028125
-1688,0.065625
-1687,0.034375
-1686,0.034375
-1685,0.04375
-1684,0.065625
-1683,0.05
-1682,0.03125
-1681,0.05625
-1680,0.04375
-1679,0.034375
-1678,0.0375
-1677,0.0375
-1676,0.01875
-1675,0.034375
-1674,0.05
-1673,0.04375
-1672,0.0375
-1671,0.040625
-1670,0.053125
-1669,0.015625
-1668,0.01875
-1667,0.034375
-1666,0.053125
-1665,0.028125
-1664,0.034375
-1663,0.059375
-1662,0.01875
-1661,0.046875
-1660,0.04375
-1659,0.0375
-1658,0.028125
-1657,0.040625
-1656,0.05
-1655,0.03125
-1654,0.028125
-1653,0.0375
-1652,0.040625
-1651,0.034375
-1650,0.04375
-1649,0.040625
-1648,0.025
-1647,0.040625
-1646,0.028125
-1645,0.01875
-1644,0.01875
-1643,0.071875
-1642,0.04375
-1641,0.025
-1640,0.046875
-1639,0.009375
-1638,0.040625
-1637,0.034375
-1636,0.053125
-1635,0.028125
-1634,0.040625
-1633,0.040625
-1632,0.034375
-1631,0.034375
-1630,0.040625
-1629,0.034375
-1628,0.0375
-1627,0.071875
-1626,0.028125
-1625,0.053125
-1624,0.03125
-1623,0.053125
-1622,0.040625
-1621,0.05
-1620,0.046875
-1619,0.0375
-1618,0.046875
-1617,0.059375
-1616,0.028125
-1615,0.05625
-1614,0.034375
-1613,0.034375
-1612,0.0375
-1611,0.034375
-1610,0.046875
-1609,0.03125
-1608,0.05
-1607,0.053125
-1606,0.034375
-1605,0.025
-1604,0.05
-1603,0.025
-1602,0.04375
-1601,0.046875
-1600,0.040625
-1599,0.0375
-1598,0.065625
-1597,0.046875
-1596,0.078125
-1595,0.05625
-1594,0.0375
-1593,0.034375
-1592,0.04375
-1591,0.053125
-1590,0.046875
-1589,0.03125
-1588,0.0375
-1587,0.01875
-1586,0.04375
-1585,0.025
-1584,0.046875
-1583,0.05625
-1582,0.025
-1581,0.04375
-1580,0.05625
-1579,0.04375
-1578,0.046875
-1577,0.05
-1576,0.021875
-1575,0.065625
-1574,0.040625
-1573,0.053125
-1572,0.046875
-1571,0.046875
-1570,0.040625
-1569,0.028125
-1568,0.05625
-1567,0.059375
-1566,0.040625
-1565,0.03125
-1564,0.028125
-1563,0.028125
-1562,0.046875
-1561,0.046875
-1560,0.05625
-1559,0.03125
-1558,0.034375
-1557,0.053125
-1556,0.034375
-1555,0.053125
-1554,0.04375
-1553,0.021875
-1552,0.040625
-1551,0.040625
-1550,0.034375
-1549,0.034375
-1548,0.046875
-1547,0.0375
-1546,0.034375
-1545,0.028125
-1544,0.0375
-1543,0.0375
-1542,0.015625
-1541,0.04375
-1540,0.021875
-1539,0.05
-1538,0.03125
-1537,0.040625
-1536,0.03125
-1535,0.05
-1534,0.059375
-1533,0.0375
-1532,0.034375
-1531,0.05
-1530,0.0375
-1529,0.040625
-1528,0.034375
-1527,0.034375
-1526,0.046875
-1525,0.053125
-1524,0.053125
-1523,0.034375
-1522,0.059375
-1521,0.0375
-1520,0.028125
-1519,0.053125
-1518,0.03125
-1517,0.028125
-1516,0.028125
-1515,0.0375
-1514,0.04375
-1513,0.025
-1512,0.0625
-1511,0.040625
-1510,0.046875
-1509,0.05625
-1508,0.046875
-1507,0.040625
-1506,0.04375
-1505,0.046875
-1504,0.05
-1503,0.03125
-1502,0.05625
-1501,0.053125
-1500,0.04375
-1499,0.05
-1498,0.05
-1497,0.028125
-1496,0.05
-1495,0.065625
-1494,0.046875
-1493,0.028125
-1492,0.034375
-1491,0.046875
-1490,0.059375
-1489,0.03125
-1488,0.05
-1487,0.04375
-1486,0.0375
-1485,0.040625
-1484,0.0625
-1483,0.046875
-1482,0.021875
-1481,0.05
-1480,0.0375
-1479,0.053125
-1478,0.021875
-1477,0.034375
-1476,0.0375
-1475,0.028125
-1474,0.05625
-1473,0.040625
-1472,0.040625
-1471,0.053125
-1470,0.0375
-1469,0.040625
-1468,0.046875
-1467,0.04375
-1466,0.053125
-1465,0.03125
-1464,0.053125
-1463,0.034375
-1462,0.05625
-1461,0.05
-1460,0.034375
-1459,0.028125
-1458,0.05
-1457,0.03125
-1456,0.040625
-1455,0.065625
-1454,0.06875
-1453,0.028125
-1452,0.028125
-1451,0.0625
-1450,0.03125
-1449,0.053125
-1448,0.034375
-1447,0.04375
-1446,0.025
-1445,0.03125
-1444,0.046875
-1443,0.05
-1442,0.040625
-1441,0.03125
-1440,0.0375
-1439,0.05
-1438,0.021875
-1437,0.059375
-1436,0.053125
-1435,0.059375
-1434,0.0375
-1433,0.040625
-1432,0.034375
-1431,0.034375
-1430,0.04375
-1429,0.0375
-1428,0.04375
-1427,0.0375
-1426,0.0625
-1425,0.03125
-1424,0.04375
-1423,0.04375
-1422,0.05
-1421,0.046875
-1420,0.021875
-1419,0.071875
-1418,0.028125
-1417,0.05
-1416,0.046875
-1415,0.05
-1414,0.046875
-1413,0.028125
-1412,0.040625
-1411,0.05
-1410,0.046875
-1409,0.046875
-1408,0.04375
-1407,0.05
-1406,0.05625
-1405,0.040625
-1404,0.05
-1403,0.034375
-1402,0.021875
-1401,0.05
-1400,0.05
-1399,0.04375
-1398,0.04375
-1397,0.05625
-1396,0.04375
-1395,0.046875
-1394,0.04375
-1393,0.046875
-1392,0.05625
-1391,0.04375
-1390,0.059375
-1389,0.03125
-1388,0.065625
-1387,0.0375
-1386,0.053125
-1385,0.05
-1384,0.046875
-1383,0.021875
-1382,0.03125
-1381,0.06875
-1380,0.0375
-1379,0.053125
-1378,0.0375
-1377,0.046875
-1376,0.0125
-1375,0.046875
-1374,0.046875
-1373,0.059375
-1372,0.05625
-1371,0.034375
-1370,0.05
-1369,0.05
-1368,0.05625
-1367,0.05625
-1366,0.05
-1365,0.04375
-1364,0.05
-1363,0.053125
-1362,0.040625
-1361,0.046875
-1360,0.0375
-1359,0.053125
-1358,0.0625
-1357,0.05625
-1356,0.040625
-1355,0.04375
-1354,0.034375
-1353,0.04375
-1352,0.0375
-1351,0.04375
-1350,0.0375
-1349,0.040625
-1348,0.053125
-1347,0.03125
-1346,0.040625
-1345,0.0625
-1344,0.053125
-1343,0.0625
-1342,0.05
-1341,0.0375
-1340,0.05
-1339,0.065625
-1338,0.04375
-1337,0.059375
-1336,0.03125
-1335,0.0625
-1334,0.021875
-1333,0.04375
-1332,0.034375
-1331,0.04375
-1330,0.065625
-1329,0.05625
-1328,0.040625
-1327,0.0375
-1326,0.025
-1325,0.028125
-1324,0.021875
-1323,0.040625
-1322,0.04375
-1321,0.06875
-1320,0.06875
-1319,0.065625
-1318,0.0375
-1317,0.046875
-1316,0.059375
-1315,0.046875
-1314,0.040625
-1313,0.0625
-1312,0.0625
-1311,0.034375
-1310,0.059375
-1309,0.034375
-1308,0.046875
-1307,0.071875
-1306,0.059375
-1305,0.040625
-1304,0.040625
-1303,0.034375
-1302,0.065625
-1301,0.053125
-1300,0.0625
-1299,0.05625
-1298,0.046875
-1297,0.04375
-1296,0.046875
-1295,0.065625
-1294,0.05
-1293,0.053125
-1292,0.053125
-1291,0.040625
-1290,0.059375
-1289,0.034375
-1288,0.05
-1287,0.084375
-1286,0.04375
-1285,0.0625
-1284,0.053125
-1283,0.05
-1282,0.040625
-1281,0.0625
-1280,0.065625
-1279,0.05
-1278,0.046875
-1277,0.04375
-1276,0.046875
-1275,0.053125
-1274,0.05
-1273,0.065625
-1272,0.06875
-1271,0.059375
-1270,0.059375
-1269,0.053125
-1268,0.078125
-1267,0.040625
-1266,0.06875
-1265,0.0375
-1264,0.059375
-1263,0.059375
-1262,0.05
-1261,0.04375
-1260,0.04375
-1259,0.065625
-1258,0.04375
-1257,0.053125
-1256,0.04375
-1255,0.046875
-1254,0.04375
-1253,0.06875
-1252,0.040625
-1251,0.05625
-1250,0.08125
-1249,0.0625
-1248,0.025
-1247,0.059375
-1246,0.040625
-1245,0.0375
-1244,0.021875
-1243,0.028125
-1242,0.03125
-1241,0.05625
-1240,0.065625
-1239,0.06875
-1238,0.046875
-1237,0.0375
-1236,0.046875
-1235,0.0625
-1234,0.028125
-1233,0.06875
-1232,0.05
-1231,0.034375
-1230,0.06875
-1229,0.03125
-1228,0.040625
-1227,0.025
-1226,0.05625
-1225,0.04375
-1224,0.059375
-1223,0.04375
-1222,0.096875
-1221,0.05
-1220,0.046875
-1219,0.040625
-1218,0.0625
-1217,0.05
-1216,0.040625
-1215,0.034375
-1214,0.053125
-1213,0.075
-1212,0.059375
-1211,0.05625
-1210,0.05625
-1209,0.065625
-1208,0.059375
-1207,0.05
-1206,0.08125
-1205,0.034375
-1204,0.053125
-1203,0.040625
-1202,0.040625
-1201,0.0625
-1200,0.053125
-1199,0.05625
-1198,0.05
-1197,0.059375
-1196,0.05625
-1195,0.053125
-1194,0.0625
-1193,0.05
-1192,0.05625
-1191,0.059375
-1190,0.059375
-1189,0.078125
-1188,0.059375
-1187,0.053125
-1186,0.05
-1185,0.06875
-1184,0.040625
-1183,0.05
-1182,0.05625
-1181,0.059375
-1180,0.06875
-1179,0.059375
-1178,0.059375
-1177,0.040625
-1176,0.028125
-1175,0.06875
-1174,0.053125
-1173,0.059375
-1172,0.059375
-1171,0.0375
-1170,0.04375
-1169,0.053125
-1168,0.059375
-1167,0.059375
-1166,0.046875
-1165,0.040625
-1164,0.065625
-1163,0.0625
-1162,0.040625
-1161,0.059375
-1160,0.0625
-1159,0.05625
-1158,0.06875
-1157,0.0625
-1156,0.0375
-1155,0.059375
-1154,0.065625
-1153,0.0375
-1152,0.04375
-1151,0.059375
-1150,0.065625
-1149,0.059375
-1148,0.05
-1147,0.05625
-1146,0.071875
-1145,0.071875
-1144,0.04375
-1143,0.040625
-1142,0.053125
-1141,0.05625
-1140,0.05625
-1139,0.03125
-1138,0.046875
-1137,0.040625
-1136,0.071875
-1135,0.03125
-1134,0.0625
-1133,0.04375
-1132,0.046875
-1131,0.059375
-1130,0.040625
-1129,0.0625
-1128,0.046875
-1127,0.05625
-1126,0.046875
-1125,0.05625
-1124,0.071875
-1123,0.046875
-1122,0.04375
-1121,0.059375
-1120,0.06875
-1119,0.053125
-1118,0.0625
-1117,0.046875
-1116,0.053125
-1115,0.05625
-1114,0.04375
-1113,0.06875
-1112,0.05
-1111,0.04375
-1110,0.034375
-1109,0.05625
-1108,0.059375
-1107,0.040625
-1106,0.06875
-1105,0.05
-1104,0.053125
-1103,0.05625
-1102,0.053125
-1101,0.075
-1100,0.040625
-1099,0.040625
-1098,0.040625
-1097,0.071875
-1096,0.053125
-1095,0.0625
-1094,0.059375
-1093,0.071875
-1092,0.0375
-1091,0.040625
-1090,0.059375
-1089,0.075
-1088,0.059375
-1087,0.059375
-1086,0.05
-1085,0.071875
-1084,0.06875
-1083,0.0375
-1082,0.040625
-1081,0.059375
-1080,0.075
-1079,0.046875
-1078,0.0625
-1077,0.075
-1076,0.084375
-1075,0.046875
-1074,0.071875
-1073,0.06875
-1072,0.05
-1071,0.05
-1070,0.071875
-1069,0.0375
-1068,0.065625
-1067,0.059375
-1066,0.046875
-1065,0.071875
-1064,0.05625
-1063,0.065625
-1062,0.046875
-1061,0.04375
-1060,0.078125
-1059,0.05625
-1058,0.053125
-1057,0.046875
-1056,0.05625
-1055,0.028125
-1054,0.046875
-1053,0.071875
-1052,0.04375
-1051,0.075
-1050,0.06875
-1049,0.0375
-1048,0.059375
-1047,0.05625
-1046,0.0625
-1045,0.059375
-1044,0.04375
-1043,0.071875
-1042,0.071875
-1041,0.0625
-1040,0.04375
-1039,0.034375
-1038,0.040625
-1037,0.053125
-1036,0.06875
-1035,0.025
-1034,0.065625
-1033,0.078125
-1032,0.053125
-1031,0.065625
-1030,0.0375
-1029,0.08125
-1028,0.040625
-1027,0.0375
-1026,0.034375
-1025,0.065625
-1024,0.040625
-1023,0.040625
-1022,0.08125
-1021,0.053125
-1020,0.065625
-1019,0.040625
-1018,0.05
-1017,0.05625
-1016,0.04375
-1015,0.04375
-1014,0.071875
-1013,0.059375
-1012,0.0375
-1011,0.065625
-1010,0.05
-1009,0.046875
-1008,0.04375
-1007,0.05625
-1006,0.034375
-1005,0.05
-1004,0.059375
-1003,0.05625
-1002,0.034375
-1001,0.040625
-1000,0.05625
-999,0.040625
-998,0.0625
-997,0.0625
-996,0.071875
-995,0.05
-994,0.053125
-993,0.05
-992,0.04375
-991,0.040625
-990,0.040625
-989,0.071875
-988,0.06875
-987,0.06875
-986,0.065625
-985,0.05
-984,0.06875
-983,0.05
-982,0.05
-981,0.05625
-980,0.06875
-979,0.059375
-978,0.065625
-977,0.04375
-976,0.059375
-975,0.065625
-974,0.09375
-973,0.05
-972,0.071875
-971,0.0625
-970,0.06875
-969,0.071875
-968,0.040625
-967,0.065625
-966,0.078125
-965,0.075
-964,0.06875
-963,0.0625
-962,0.04375
-961,0.065625
-960,0.0375
-959,0.0375
-958,0.071875
-957,0.06875
-956,0.06875
-955,0.04375
-954,0.065625
-953,0.065625
-952,0.05
-951,0.05
-950,0.071875
-949,0.075
-948,0.090625
-947,0.0625
-946,0.059375
-945,0.053125
-944,0.053125
-943,0.075
-942,0.078125
-941,0.053125
-940,0.053125
-939,0.040625
-938,0.0375
-937,0.05625
-936,0.071875
-935,0.034375
-934,0.065625
-933,0.05625
-932,0.0375
-931,0.05625
-930,0.059375
-929,0.046875
-928,0.05
-927,0.0875
-926,0.059375
-925,0.05
-924,0.075
-923,0.065625
-922,0.065625
-921,0.053125
-920,0.06875
-919,0.078125
-918,0.065625
-917,0.084375
-916,0.040625
-915,0.04375
-914,0.04375
-913,0.0625
-912,0.075
-911,0.053125
-910,0.065625
-909,0.06875
-908,0.046875
-907,0.059375
-906,0.075
-905,0.0625
-904,0.046875
-903,0.03125
-902,0.0625
-901,0.046875
-900,0.0625
-899,0.0625
-898,0.071875
-897,0.05625
-896,0.053125
-895,0.06875
-894,0.059375
-893,0.0375
-892,0.046875
-891,0.06875
-890,0.065625
-889,0.04375
-888,0.06875
-887,0.08125
-886,0.059375
-885,0.065625
-884,0.071875
-883,0.078125
-882,0.0625
-881,0.0875
-880,0.0875
-879,0.06875
-878,0.078125
-877,0.0625
-876,0.059375
-875,0.053125
-874,0.075
-873,0.08125
-872,0.071875
-871,0.05625
-870,0.046875
-869,0.05625
-868,0.05625
-867,0.084375
-866,0.046875
-865,0.078125
-864,0.071875
-863,0.090625
-862,0.059375
-861,0.075
-860,0.05625
-859,0.040625
-858,0.065625
-857,0.075
-856,0.04375
-855,0.040625
-854,0.06875
-853,0.071875
-852,0.078125
-851,0.053125
-850,0.0875
-849,0.053125
-848,0.071875
-847,0.0625
-846,0.075
-845,0.0625
-844,0.065625
-843,0.04375
-842,0.075
-841,0.05625
-840,0.084375
-839,0.071875
-838,0.084375
-837,0.065625
-836,0.059375
-835,0.065625
-834,0.08125
-833,0.06875
-832,0.046875
-831,0.04375
-830,0.05625
-829,0.084375
-828,0.08125
-827,0.078125
-826,0.05625
-825,0.046875
-824,0.059375
-823,0.075
-822,0.04375
-821,0.090625
-820,0.040625
-819,0.090625
-818,0.084375
-817,0.065625
-816,0.059375
-815,0.059375
-814,0.09375
-813,0.0625
-812,0.059375
-811,0.05625
-810,0.0625
-809,0.05625
-808,0.065625
-807,0.065625
-806,0.071875
-805,0.075
-804,0.05625
-803,0.06875
-802,0.059375
-801,0.071875
-800,0.0625
-799,0.0625
-798,0.059375
-797,0.065625
-796,0.06875
-795,0.084375
-794,0.059375
-793,0.065625
-792,0.053125
-791,0.05
-790,0.065625
-789,0.065625
-788,0.05625
-787,0.078125
-786,0.075
-785,0.071875
-784,0.05625
-783,0.053125
-782,0.065625
-781,0.040625
-780,0.071875
-779,0.075
-778,0.065625
-777,0.075
-776,0.078125
-775,0.06875
-774,0.1
-773,0.059375
-772,0.05
-771,0.1
-770,0.090625
-769,0.05
-768,0.05625
-767,0.046875
-766,0.05
-765,0.0875
-764,0.1
-763,0.05625
-762,0.0625
-761,0.096875
-760,0.075
-759,0.0625
-758,0.071875
-757,0.103125
-756,0.078125
-755,0.040625
-754,0.08125
-753,0.053125
-752,0.08125
-751,0.0625
-750,0.071875
-749,0.059375
-748,0.075
-747,0.075
-746,0.078125
-745,0.0625
-744,0.0875
-743,0.059375
-742,0.078125
-741,0.05625
-740,0.10625
-739,0.059375
-738,0.05625
-737,0.0625
-736,0.059375
-735,0.065625
-734,0.06875
-733,0.078125
-732,0.065625
-731,0.065625
-730,0.096875
-729,0.084375
-728,0.059375
-727,0.05625
-726,0.0625
-725,0.05
-724,0.05
-723,0.09375
-722,0.059375
-721,0.09375
-720,0.065625
-719,0.0875
-718,0.04375
-717,0.065625
-716,0.08125
-715,0.059375
-714,0.0625
-713,0.053125
-712,0.084375
-711,0.040625
-710,0.0875
-709,0.071875
-708,0.059375
-707,0.0625
-706,0.0875
-705,0.06875
-704,0.053125
-703,0.040625
-702,0.053125
-701,0.065625
-700,0.059375
-699,0.05625
-698,0.040625
-697,0.084375
-696,0.071875
-695,0.046875
-694,0.053125
-693,0.08125
-692,0.059375
-691,0.0625
-690,0.05625
-689,0.071875
-688,0.046875
-687,0.09375
-686,0.065625
-685,0.05
-684,0.05625
-683,0.059375
-682,0.06875
-681,0.10625
-680,0.096875
-679,0.046875
-678,0.05625
-677,0.065625
-676,0.065625
-675,0.05
-674,0.08125
-673,0.084375
-672,0.078125
-671,0.0375
-670,0.084375
-669,0.065625
-668,0.084375
-667,0.04375
-666,0.075
-665,0.05625
-664,0.05
-663,0.078125
-662,0.046875
-661,0.065625
-660,0.053125
-659,0.071875
-658,0.09375
-657,0.08125
-656,0.065625
-655,0.059375
-654,0.08125
-653,0.08125
-652,0.075
-651,0.08125
-650,0.0875
-649,0.08125
-648,0.096875
-647,0.059375
-646,0.078125
-645,0.078125
-644,0.090625
-643,0.084375
-642,0.0875
-641,0.059375
-640,0.075
-639,0.071875
-638,0.071875
-637,0.06875
-636,0.065625
-635,0.084375
-634,0.071875
-633,0.084375
-632,0.046875
-631,0.071875
-630,0.0875
-629,0.090625
-628,0.05
-627,0.0625
-626,0.0875
-625,0.065625
-624,0.053125
-623,0.090625
-622,0.0625
-621,0.06875
-620,0.0875
-619,0.084375
-618,0.071875
-617,0.084375
-616,0.0625
-615,0.059375
-614,0.0625
-613,0.0625
-612,0.05625
-611,0.071875
-610,0.090625
-609,0.059375
-608,0.075
-607,0.040625
-606,0.078125
-605,0.059375
-604,0.046875
-603,0.0875
-602,0.08125
-601,0.075
-600,0.059375
-599,0.084375
-598,0.05
-597,0.078125
-596,0.08125
-595,0.0625
-594,0.0625
-593,0.075
-592,0.0625
-591,0.05625
-590,0.034375
-589,0.075
-588,0.046875
-587,0.084375
-586,0.075
-585,0.078125
-584,0.065625
-583,0.06875
-582,0.06875
-581,0.05625
-580,0.065625
-579,0.075
-578,0.09375
-577,0.071875
-576,0.0625
-575,0.090625
-574,0.0875
-573,0.090625
-572,0.078125
-571,0.065625
-570,0.071875
-569,0.084375
-568,0.065625
-567,0.071875
-566,0.04375
-565,0.06875
-564,0.059375
-563,0.0625
-562,0.0625
-561,0.0625
-560,0.090625
-559,0.059375
-558,0.075
-557,0.059375
-556,0.071875
-555,0.065625
-554,0.078125
-553,0.09375
-552,0.0875
-551,0.078125
-550,0.0625
-549,0.096875
-548,0.059375
-547,0.08125
-546,0.0875
-545,0.06875
-544,0.075
-543,0.0625
-542,0.06875
-541,0.084375
-540,0.078125
-539,0.084375
-538,0.103125
-537,0.075
-536,0.06875
-535,0.065625
-534,0.071875
-533,0.078125
-532,0.06875
-531,0.090625
-530,0.09375
-529,0.078125
-528,0.071875
-527,0.08125
-526,0.071875
-525,0.059375
-524,0.065625
-523,0.071875
-522,0.075
-521,0.06875
-520,0.10625
-519,0.065625
-518,0.0625
-517,0.08125
-516,0.071875
-515,0.065625
-514,0.053125
-513,0.11875
-512,0.09375
-511,0.05625
-510,0.065625
-509,0.065625
-508,0.09375
-507,0.059375
-506,0.09375
-505,0.084375
-504,0.0625
-503,0.065625
-502,0.065625
-501,0.05
-500,0.053125
-499,0.0625
-498,0.090625
-497,0.109375
-496,0.075
-495,0.071875
-494,0.0625
-493,0.0625
-492,0.065625
-491,0.075
-490,0.08125
-489,0.075
-488,0.078125
-487,0.096875
-486,0.0875
-485,0.078125
-484,0.078125
-483,0.059375
-482,0.05625
-481,0.05625
-480,0.046875
-479,0.084375
-478,0.046875
-477,0.075
-476,0.078125
-475,0.090625
-474,0.08125
-473,0.08125
-472,0.10625
-471,0.065625
-470,0.090625
-469,0.1
-468,0.053125
-467,0.078125
-466,0.071875
-465,0.059375
-464,0.1
-463,0.084375
-462,0.09375
-461,0.06875
-460,0.06875
-459,0.05625
-458,0.10625
-457,0.0625
-456,0.075
-455,0.078125
-454,0.06875
-453,0.071875
-452,0.065625
-451,0.08125
-450,0.05625
-449,0.078125
-448,0.075
-447,0.09375
-446,0.1
-445,0.09375
-444,0.071875
-443,0.08125
-442,0.05
-441,0.071875
-440,0.08125
-439,0.071875
-438,0.078125
-437,0.0625
-436,0.0875
-435,0.059375
-434,0.084375
-433,0.090625
-432,0.096875
-431,0.115625
-430,0.084375
-429,0.10625
-428,0.059375
-427,0.090625
-426,0.0625
-425,0.084375
-424,0.084375
-423,0.0625
-422,0.075
-421,0.05625
-420,0.084375
-419,0.09375
-418,0.084375
-417,0.125
-416,0.08125
-415,0.078125
-414,0.065625
-413,0.078125
-412,0.084375
-411,0.1
-410,0.071875
-409,0.08125
-408,0.078125
-407,0.10625
-406,0.109375
-405,0.065625
-404,0.075
-403,0.075
-402,0.08125
-401,0.06875
-400,0.08125
-399,0.11875
-398,0.071875
-397,0.096875
-396,0.08125
-395,0.05
-394,0.05625
-393,0.090625
-392,0.08125
-391,0.071875
-390,0.109375
-389,0.1
-388,0.059375
-387,0.06875
-386,0.096875
-385,0.09375
-384,0.065625
-383,0.08125
-382,0.059375
-381,0.075
-380,0.08125
-379,0.0875
-378,0.053125
-377,0.053125
-376,0.05625
-375,0.053125
-374,0.0875
-373,0.075
-372,0.078125
-371,0.071875
-370,0.103125
-369,0.071875
-368,0.06875
-367,0.1
-366,0.078125
-365,0.0625
-364,0.06875
-363,0.075
-362,0.084375
-361,0.0625
-360,0.075
-359,0.075
-358,0.046875
-357,0.090625
-356,0.0625
-355,0.06875
-354,0.05625
-353,0.065625
-352,0.053125
-351,0.115625
-350,0.059375
-349,0.084375
-348,0.053125
-347,0.096875
-346,0.071875
-345,0.1
-344,0.08125
-343,0.084375
-342,0.0875
-341,0.10625
-340,0.08125
-339,0.0875
-338,0.103125
-337,0.103125
-336,0.09375
-335,0.0625
-334,0.084375
-333,0.090625
-332,0.075
-331,0.08125
-330,0.078125
-329,0.0875
-328,0.096875
-327,0.090625
-326,0.11875
-325,0.071875
-324,0.08125
-323,0.1125
-322,0.09375
-321,0.059375
-320,0.075
-319,0.084375
-318,0.0875
-317,0.115625
-316,0.065625
-315,0.05
-314,0.0625
-313,0.1
-312,0.090625
-311,0.109375
-310,0.071875
-309,0.109375
-308,0.08125
-307,0.084375
-306,0.08125
-305,0.075
-304,0.10625
-303,0.0875
-302,0.0875
-301,0.084375
-300,0.065625
-299,0.075
-298,0.05625
-297,0.09375
-296,0.08125
-295,0.071875
-294,0.096875
-293,0.059375
-292,0.065625
-291,0.0625
-290,0.096875
-289,0.05
-288,0.084375
-287,0.078125
-286,0.071875
-285,0.078125
-284,0.090625
-283,0.075
-282,0.065625
-281,0.09375
-280,0.0875
-279,0.06875
-278,0.05625
-277,0.05625
-276,0.0875
-275,0.0625
-274,0.065625
-273,0.090625
-272,0.08125
-271,0.071875
-270,0.059375
-269,0.071875
-268,0.078125
-267,0.053125
-266,0.065625
-265,0.090625
-264,0.084375
-263,0.078125
-262,0.08125
-261,0.065625
-260,0.084375
-259,0.06875
-258,0.10625
-257,0.084375
-256,0.06875
-255,0.084375
-254,0.05
-253,0.0875
-252,0.08125
-251,0.1
-250,0.075
-249,0.0625
-248,0.08125
-247,0.084375
-246,0.0625
-245,0.075
-244,0.09375
-243,0.084375
-242,0.084375
-241,0.075
-240,0.10625
-239,0.0875
-238,0.0875
-237,0.09375
-236,0.09375
-235,0.084375
-234,0.08125
-233,0.109375
-232,0.1125
-231,0.078125
-230,0.128125
-229,0.075
-228,0.090625
-227,0.05625
-226,0.08125
-225,0.071875
-224,0.05625
-223,0.10625
-222,0.096875
-221,0.1
-220,0.1125
-219,0.084375
-218,0.078125
-217,0.1
-216,0.05625
-215,0.090625
-214,0.075
-213,0.10625
-212,0.084375
-211,0.096875
-210,0.08125
-209,0.05625
-208,0.084375
-207,0.090625
-206,0.090625
-205,0.078125
-204,0.08125
-203,0.075
-202,0.071875
-201,0.065625
-200,0.103125
-199,0.090625
-198,0.109375
-197,0.071875
-196,0.09375
-195,0.0875
-194,0.065625
-193,0.075
-192,0.09375
-191,0.05
-190,0.08125
-189,0.1
-188,0.078125
-187,0.084375
-186,0.071875
-185,0.10625
-184,0.0625
-183,0.103125
-182,0.075
-181,0.071875
-180,0.090625
-179,0.075
-178,0.090625
-177,0.059375
-176,0.0875
-175,0.115625
-174,0.065625
-173,0.078125
-172,0.084375
-171,0.090625
-170,0.053125
-169,0.065625
-168,0.0875
-167,0.103125
-166,0.071875
-165,0.09375
-164,0.10625
-163,0.08125
-162,0.103125
-161,0.05
-160,0.09375
-159,0.065625
-158,0.109375
-157,0.08125
-156,0.0875
-155,0.10625
-154,0.08125
-153,0.090625
-152,0.0875
-151,0.08125
-150,0.075
-149,0.109375
-148,0.053125
-147,0.1
-146,0.0875
-145,0.1
-144,0.090625
-143,0.10625
-142,0.084375
-141,0.08125
-140,0.09375
-139,0.0625
-138,0.06875
-137,0.1125
-136,0.078125
-135,0.071875
-134,0.096875
-133,0.075
-132,0.08125
-131,0.075
-130,0.090625
-129,0.0625
-128,0.10625
-127,0.096875
-126,0.06875
-125,0.078125
-124,0.10625
-123,0.1125
-122,0.084375
-121,0.084375
-120,0.096875
-119,0.1
-118,0.096875
-117,0.109375
-116,0.096875
-115,0.08125
-114,0.06875
-113,0.1
-112,0.10625
-111,0.0875
-110,0.065625
-109,0.103125
-108,0.084375
-107,0.1
-106,0.075
-105,0.11875
-104,0.065625
-103,0.096875
-102,0.1375
-101,0.103125
-100,0.103125
-99,0.075
-98,0.09375
-97,0.078125
-96,0.096875
-95,0.090625
-94,0.128125
-93,0.0625
-92,0.109375
-91,0.065625
-90,0.096875
-89,0.125
-88,0.065625
-87,0.0875
-86,0.0875
-85,0.115625
-84,0.1
-83,0.078125
-82,0.096875
-81,0.06875
-80,0.115625
-79,0.084375
-78,0.071875
-77,0.06875
-76,0.1
-75,0.090625
-74,0.08125
-73,0.103125
-72,0.078125
-71,0.08125
-70,0.09375
-69,0.090625
-68,0.078125
-67,0.078125
-66,0.1
-65,0.084375
-64,0.09375
-63,0.10625
-62,0.103125
-61,0.090625
-60,0.090625
-59,0.096875
-58,0.09375
-57,0.08125
-56,0.115625
-55,0.084375
-54,0.075
-53,0.09375
-52,0.065625
-51,0.096875
-50,0.05625
-49,0.084375
-48,0.071875
-47,0.08125
-46,0.078125
-45,0.084375
-44,0.090625
-43,0.1125
-42,0.084375
-41,0.084375
-40,0.115625
-39,0.090625
-38,0.071875
-37,0.06875
-36,0.103125
-35,0.096875
-34,0.078125
-33,0.06875
-32,0.078125
-31,0.05
-30,0.096875
-29,0.0625
-28,0.103125
-27,0.084375
-26,0.071875
-25,0.109375
-24,0.09375
-23,0.1
-22,0.071875
-21,0.09375
-20,0.096875
-19,0.134375
-18,0.1
-17,0.10625
-16,0.109375
-15,0.078125
-14,0.1
-13,0.115625
-12,0.078125
-11,0.0875
-10,0.084375
-9,0.096875
-8,0.096875
-7,0.1
-6,0.09375
-5,0.103125
-4,0.090625
-3,0.1125
-2,0.0875
-1,0.09375
0,0.0875
1,0.078125
2,0.071875
3,0.084375
4,1.0
5,0.084375
6,0.071875
7,0.078125
8,0.0875
9,0.09375
10,0.0875
11,0.1125
12,0.090625
13,0.103125
14,0.09375
15,0.1
16,0.096875
17,0.096875
18,0.084375
19,0.0875
20,0.078125
21,0.115625
22,0.1
23,0.078125
24,0.109375
25,0.10625
26,0.1
27,0.134375
28,0.096875
29,0.09375
30,0.071875
31,0.1
32,0.09375
33,0.109375
34,0.071875
35,0.084375
36,0.103125
37,0.0625
38,0.096875
39,0.05
40,0.078125
41,0.06875
42,0.078125
43,0.096875
44,0.103125
45,0.06875
46,0.071875
47,0.090625
48,0.115625
49,0.084375
50,0.084375
51,0.1125
52,0.090625
53,0.084375
54,0.078125
55,0.08125
56,0.071875
57,0.084375
58,0.05625
59,0.096875
60,0.065625
61,0.09375
62,0.075
63,0.084375
64,0.115625
65,0.08125
66,0.09375
67,0.096875
68,0.090625
69,0.090625
70,0.103125
71,0.10625
72,0.09375
73,0.084375
74,0.1
75,0.078125
76,0.078125
77,0.090625
78,0.09375
79,0.08125
80,0.078125
81,0.103125
82,0.08125
83,0.090625
84,0.1
85,0.06875
86,0.071875
87,0.084375
88,0.115625
89,0.06875
90,0.096875
91,0.078125
92,0.1
93,0.115625
94,0.0875
95,0.0875
96,0.065625
97,0.125
98,0.096875
99,0.065625
100,0.109375
101,0.0625
102,0.128125
103,0.090625
104,0.096875
105,0.078125
106,0.09375
107,0.075
108,0.103125
109,0.103125
110,0.1375
111,0.096875
112,0.065625
113,0.11875
114,0.075
115,0.1
116,0.084375
117,0.103125
118,0.065625
119,0.0875
120,0.10625
121,0.1
122,0.06875
123,0.08125
124,0.096875
125,0.109375
126,0.096875
127,0.1
128,0.096875
129,0.084375
130,0.084375
131,0.1125
132,0.10625
133,0.078125
134,0.06875
135,0.096875
136,0.10625
137,0.0625
138,0.090625
139,0.075
140,0.08125
141,0.075
142,0.096875
143,0.071875
144,0.078125
145,0.1125
146,0.06875
147,0.0625
148,0.09375
149,0.08125
150,0.084375
151,0.10625
152,0.090625
153,0.1
154,0.0875
155,0.1
156,0.053125
157,0.109375
158,0.075
159,0.08125
160,0.0875
161,0.090625
162,0.08125
163,0.10625
164,0.0875
165,0.08125
166,0.109375
167,0.065625
168,0.09375
169,0.05
170,0.103125
171,0.08125
172,0.10625
173,0.09375
174,0.071875
175,0.103125
176,0.0875
177,0.065625
178,0.053125
179,0.090625
180,0.084375
181,0.078125
182,0.065625
183,0.115625
184,0.0875
185,0.059375
186,0.090625
187,0.075
188,0.090625
189,0.071875
190,0.075
191,0.103125
192,0.0625
193,0.10625
194,0.071875
195,0.084375
196,0.078125
197,0.1
198,0.08125
199,0.05
200,0.09375
201,0.075
202,0.065625
203,0.0875
204,0.09375
205,0.071875
206,0.109375
207,0.090625
208,0.103125
209,0.065625
210,0.071875
211,0.075
212,0.08125
213,0.078125
214,0.090625
215,0.090625
216,0.084375
217,0.05625
218,0.08125
219,0.096875
220,0.084375
221,0.10625
222,0.075
223,0.090625
224,0.05625
225,0.1
226,0.078125
227,0.084375
228,0.1125
229,0.1
230,0.096875
231,0.10625
232,0.05625
233,0.071875
234,0.08125
235,0.05625
236,0.090625
237,0.075
238,0.128125
239,0.078125
240,0.1125
241,0.109375
242,0.08125
243,0.084375
244,0.09375
245,0.09375
246,0.0875
247,0.0875
248,0.10625
249,0.075
250,0.084375
251,0.084375
252,0.09375
253,0.075
254,0.0625
255,0.084375
256,0.08125
257,0.0625
258,0.075
259,0.1
260,0.08125
261,0.0875
262,0.05
263,0.084375
264,0.06875
265,0.084375
266,0.10625
267,0.06875
268,0.084375
269,0.065625
270,0.08125
271,0.078125
272,0.084375
273,0.090625
274,0.065625
275,0.053125
276,0.078125
277,0.071875
278,0.059375
279,0.071875
280,0.08125
281,0.090625
282,0.065625
283,0.0625
284,0.0875
285,0.05625
286,0.05625
287,0.06875
288,0.0875
289,0.09375
290,0.065625
291,0.075
292,0.090625
293,0.078125
294,0.071875
295,0.078125
296,0.084375
297,0.05
298,0.096875
299,0.0625
300,0.065625
301,0.059375
302,0.096875
303,0.071875
304,0.08125
305,0.09375
306,0.05625
307,0.075
308,0.065625
309,0.084375
310,0.0875
311,0.0875
312,0.10625
313,0.075
314,0.08125
315,0.084375
316,0.08125
317,0.109375
318,0.071875
319,0.109375
320,0.090625
321,0.1
322,0.0625
323,0.05
324,0.065625
325,0.115625
326,0.0875
327,0.084375
328,0.075
329,0.059375
330,0.09375
331,0.1125
332,0.08125
333,0.071875
334,0.11875
335,0.090625
336,0.096875
337,0.0875
338,0.078125
339,0.08125
340,0.075
341,0.090625
342,0.084375
343,0.0625
344,0.09375
345,0.103125
346,0.103125
347,0.0875
348,0.08125
349,0.10625
350,0.0875
351,0.084375
352,0.08125
353,0.1
354,0.071875
355,0.096875
356,0.053125
357,0.084375
358,0.059375
359,0.115625
360,0.053125
361,0.065625
362,0.05625
363,0.06875
364,0.0625
365,0.090625
366,0.046875
367,0.075
368,0.075
369,0.0625
370,0.084375
371,0.075
372,0.06875
373,0.0625
374,0.078125
375,0.1
376,0.06875
377,0.071875
378,0.103125
379,0.071875
380,0.078125
381,0.075
382,0.0875
383,0.053125
384,0.05625
385,0.053125
386,0.053125
387,0.0875
388,0.08125
389,0.075
390,0.059375
391,0.08125
392,0.065625
393,0.09375
394,0.096875
395,0.06875
396,0.059375
397,0.1
398,0.109375
399,0.071875
400,0.08125
401,0.090625
402,0.05625
403,0.05
404,0.08125
405,0.096875
406,0.071875
407,0.11875
408,0.08125
409,0.06875
410,0.08125
411,0.075
412,0.075
413,0.065625
414,0.109375
415,0.10625
416,0.078125
417,0.08125
418,0.071875
419,0.1
420,0.084375
421,0.078125
422,0.065625
423,0.078125
424,0.08125
425,0.125
426,0.084375
427,0.09375
428,0.084375
429,0.05625
430,0.075
431,0.0625
432,0.084375
433,0.084375
434,0.0625
435,0.090625
436,0.059375
437,0.10625
438,0.084375
439,0.115625
440,0.096875
441,0.090625
442,0.084375
443,0.059375
444,0.0875
445,0.0625
446,0.078125
447,0.071875
448,0.08125
449,0.071875
450,0.05
451,0.08125
452,0.071875
453,0.09375
454,0.1
455,0.09375
456,0.075
457,0.078125
458,0.05625
459,0.08125
460,0.065625
461,0.071875
462,0.06875
463,0.078125
464,0.075
465,0.0625
466,0.10625
467,0.05625
468,0.06875
469,0.06875
470,0.09375
471,0.084375
472,0.1
473,0.059375
474,0.071875
475,0.078125
476,0.053125
477,0.1
478,0.090625
479,0.065625
480,0.10625
481,0.08125
482,0.08125
483,0.090625
484,0.078125
485,0.075
486,0.046875
487,0.084375
488,0.046875
489,0.05625
490,0.05625
491,0.059375
492,0.078125
493,0.078125
494,0.0875
495,0.096875
496,0.078125
497,0.075
498,0.08125
499,0.075
500,0.065625
501,0.0625
502,0.0625
503,0.071875
504,0.075
505,0.109375
506,0.090625
507,0.0625
508,0.053125
509,0.05
510,0.065625
511,0.065625
512,0.0625
513,0.084375
514,0.09375
515,0.059375
516,0.09375
517,0.065625
518,0.065625
519,0.05625
520,0.09375
521,0.11875
522,0.053125
523,0.065625
524,0.071875
525,0.08125
526,0.0625
527,0.065625
528,0.10625
529,0.06875
530,0.075
531,0.071875
532,0.065625
533,0.059375
534,0.071875
535,0.08125
536,0.071875
537,0.078125
538,0.09375
539,0.090625
540,0.06875
541,0.078125
542,0.071875
543,0.065625
544,0.06875
545,0.075
546,0.103125
547,0.084375
548,0.078125
549,0.084375
550,0.06875
551,0.0625
552,0.075
553,0.06875
554,0.0875
555,0.08125
556,0.059375
557,0.096875
558,0.0625
559,0.078125
560,0.0875
561,0.09375
562,0.078125
563,0.065625
564,0.071875
565,0.059375
566,0.075
567,0.059375
568,0.090625
569,0.0625
570,0.0625
571,0.0625
572,0.059375
573,0.06875
574,0.04375
575,0.071875
576,0.065625
577,0.084375
578,0.071875
579,0.065625
580,0.078125
581,0.090625
582,0.0875
583,0.090625
584,0.0625
585,0.071875
586,0.09375
587,0.075
588,0.065625
589,0.05625
590,0.06875
591,0.06875
592,0.065625
593,0.078125
594,0.075
595,0.084375
596,0.046875
597,0.075
598,0.034375
599,0.05625
600,0.0625
601,0.075
602,0.0625
603,0.0625
604,0.08125
605,0.078125
606,0.05
607,0.084375
608,0.059375
609,0.075
610,0.08125
611,0.0875
612,0.046875
613,0.059375
614,0.078125
615,0.040625
616,0.075
617,0.059375
618,0.090625
619,0.071875
620,0.05625
621,0.0625
622,0.0625
623,0.059375
624,0.0625
625,0.084375
626,0.071875
627,0.084375
628,0.0875
629,0.06875
630,0.0625
631,0.090625
632,0.053125
633,0.065625
634,0.0875
635,0.0625
636,0.05
637,0.090625
638,0.0875
639,0.071875
640,0.046875
641,0.084375
642,0.071875
643,0.084375
644,0.065625
645,0.06875
646,0.071875
647,0.071875
648,0.075
649,0.059375
650,0.0875
651,0.084375
652,0.090625
653,0.078125
654,0.078125
655,0.059375
656,0.096875
657,0.08125
658,0.0875
659,0.08125
660,0.075
661,0.08125
662,0.08125
663,0.059375
664,0.065625
665,0.08125
666,0.09375
667,0.071875
668,0.053125
669,0.065625
670,0.046875
671,0.078125
672,0.05
673,0.05625
674,0.075
675,0.04375
676,0.084375
677,0.065625
678,0.084375
679,0.0375
680,0.078125
681,0.084375
682,0.08125
683,0.05
684,0.065625
685,0.065625
686,0.05625
687,0.046875
688,0.096875
689,0.10625
690,0.06875
691,0.059375
692,0.05625
693,0.05
694,0.065625
695,0.09375
696,0.046875
697,0.071875
698,0.05625
699,0.0625
700,0.059375
701,0.08125
702,0.053125
703,0.046875
704,0.071875
705,0.084375
706,0.040625
707,0.05625
708,0.059375
709,0.065625
710,0.053125
711,0.040625
712,0.053125
713,0.06875
714,0.0875
715,0.0625
716,0.059375
717,0.071875
718,0.0875
719,0.040625
720,0.084375
721,0.053125
722,0.0625
723,0.059375
724,0.08125
725,0.065625
726,0.04375
727,0.0875
728,0.065625
729,0.09375
730,0.059375
731,0.09375
732,0.05
733,0.05
734,0.0625
735,0.05625
736,0.059375
737,0.084375
738,0.096875
739,0.065625
740,0.065625
741,0.078125
742,0.06875
743,0.065625
744,0.059375
745,0.0625
746,0.05625
747,0.059375
748,0.10625
749,0.05625
750,0.078125
751,0.059375
752,0.0875
753,0.0625
754,0.078125
755,0.075
756,0.075
757,0.059375
758,0.071875
759,0.0625
760,0.08125
761,0.053125
762,0.08125
763,0.040625
764,0.078125
765,0.103125
766,0.071875
767,0.0625
768,0.075
769,0.096875
770,0.0625
771,0.05625
772,0.1
773,0.0875
774,0.05
775,0.046875
776,0.05625
777,0.05
778,0.090625
779,0.1
780,0.05
781,0.059375
782,0.1
783,0.06875
784,0.078125
785,0.075
786,0.065625
787,0.075
788,0.071875
789,0.040625
790,0.065625
791,0.053125
792,0.05625
793,0.071875
794,0.075
795,0.078125
796,0.05625
797,0.065625
798,0.065625
799,0.05
800,0.053125
801,0.065625
802,0.059375
803,0.084375
804,0.06875
805,0.065625
806,0.059375
807,0.0625
808,0.0625
809,0.071875
810,0.059375
811,0.06875
812,0.05625
813,0.075
814,0.071875
815,0.065625
816,0.065625
817,0.05625
818,0.0625
819,0.05625
820,0.059375
821,0.0625
822,0.09375
823,0.059375
824,0.059375
825,0.065625
826,0.084375
827,0.090625
828,0.040625
829,0.090625
830,0.04375
831,0.075
832,0.059375
833,0.046875
834,0.05625
835,0.078125
836,0.08125
837,0.084375
838,0.05625
839,0.04375
840,0.046875
841,0.06875
842,0.08125
843,0.065625
844,0.059375
845,0.065625
846,0.084375
847,0.071875
848,0.084375
849,0.05625
850,0.075
851,0.04375
852,0.065625
853,0.0625
854,0.075
855,0.0625
856,0.071875
857,0.053125
858,0.0875
859,0.053125
860,0.078125
861,0.071875
862,0.06875
863,0.040625
864,0.04375
865,0.075
866,0.065625
867,0.040625
868,0.05625
869,0.075
870,0.059375
871,0.090625
872,0.071875
873,0.078125
874,0.046875
875,0.084375
876,0.05625
877,0.05625
878,0.046875
879,0.05625
880,0.071875
881,0.08125
882,0.075
883,0.053125
884,0.059375
885,0.0625
886,0.078125
887,0.06875
888,0.0875
889,0.0875
890,0.0625
891,0.078125
892,0.071875
893,0.065625
894,0.059375
895,0.08125
896,0.06875
897,0.04375
898,0.065625
899,0.06875
900,0.046875
901,0.0375
902,0.059375
903,0.06875
904,0.053125
905,0.05625
906,0.071875
907,0.0625
908,0.0625
909,0.046875
910,0.0625
911,0.03125
912,0.046875
913,0.0625
914,0.075
915,0.059375
916,0.046875
917,0.06875
918,0.065625
919,0.053125
920,0.075
921,0.0625
922,0.04375
923,0.04375
924,0.040625
925,0.084375
926,0.065625
927,0.078125
928,0.06875
929,0.053125
930,0.065625
931,0.065625
932,0.075
933,0.05
934,0.059375
935,0.0875
936,0.05
937,0.046875
938,0.059375
939,0.05625
940,0.0375
941,0.05625
942,0.065625
943,0.034375
944,0.071875
945,0.05625
946,0.0375
947,0.040625
948,0.053125
949,0.053125
950,0.078125
951,0.075
952,0.053125
953,0.053125
954,0.059375
955,0.0625
956,0.090625
957,0.075
958,0.071875
959,0.05
960,0.05
961,0.065625
962,0.065625
963,0.04375
964,0.06875
965,0.06875
966,0.071875
967,0.0375
968,0.0375
969,0.065625
970,0.04375
971,0.0625
972,0.06875
973,0.075
974,0.078125
975,0.065625
976,0.040625
977,0.071875
978,0.06875
979,0.0625
980,0.071875
981,0.05
982,0.09375
983,0.065625
984,0.059375
985,0.04375
986,0.065625
987,0.059375
988,0.06875
989,0.05625
990,0.05
991,0.05
992,0.06875
993,0.05
994,0.065625
995,0.06875
996,0.06875
997,0.071875
998,0.040625
999,0.040625
1000,0.04375
1001,0.05
1002,0.053125
1003,0.05
1004,0.071875
1005,0.0625
1006,0.0625
1007,0.040625
1008,0.05625
1009,0.040625
1010,0.034375
1011,0.05625
1012,0.059375
1013,0.05
1014,0.034375
1015,0.05625
1016,0.04375
1017,0.046875
1018,0.05
1019,0.065625
1020,0.0375
1021,0.059375
1022,0.071875
1023,0.04375
1024,0.04375
1025,0.05625
1026,0.05
1027,0.040625
1028,0.065625
1029,0.053125
1030,0.08125
1031,0.040625
1032,0.040625
1033,0.065625
1034,0.034375
1035,0.0375
1036,0.040625
1037,0.08125
1038,0.0375
1039,0.065625
1040,0.053125
1041,0.078125
1042,0.065625
1043,0.025
1044,0.06875
1045,0.053125
1046,0.040625
1047,0.034375
1048,0.04375
1049,0.0625
1050,0.071875
1051,0.071875
1052,0.04375
1053,0.059375
1054,0.0625
1055,0.05625
1056,0.059375
1057,0.0375
1058,0.06875
1059,0.075
1060,0.04375
1061,0.071875
1062,0.046875
1063,0.028125
1064,0.05625
1065,0.046875
1066,0.053125
1067,0.05625
1068,0.078125
1069,0.04375
1070,0.046875
1071,0.065625
1072,0.05625
1073,0.071875
1074,0.046875
1075,0.059375
1076,0.065625
1077,0.0375
1078,0.071875
1079,0.05
1080,0.05
1081,0.06875
1082,0.071875
1083,0.046875
1084,0.084375
1085,0.075
1086,0.0625
1087,0.046875
1088,0.075
1089,0.059375
1090,0.040625
1091,0.0375
1092,0.06875
1093,0.071875
1094,0.05
1095,0.059375
1096,0.059375
1097,0.075
1098,0.059375
1099,0.040625
1100,0.0375
1101,0.071875
1102,0.059375
1103,0.0625
1104,0.053125
1105,0.071875
1106,0.040625
1107,0.040625
1108,0.040625
1109,0.075
1110,0.053125
1111,0.05625
1112,0.053125
1113,0.05
1114,0.06875
1115,0.040625
1116,0.059375
1117,0.05625
1118,0.034375
1119,0.04375
1120,0.05
1121,0.06875
1122,0.04375
1123,0.05625
1124,0.053125
1125,0.046875
1126,0.0625
1127,0.053125
1128,0.06875
1129,0.059375
1130,0.04375
1131,0.046875
1132,0.071875
1133,0.05625
1134,0.046875
1135,0.05625
1136,0.046875
1137,0.0625
1138,0.040625
1139,0.059375
1140,0.046875
1141,0.04375
1142,0.0625
1143,0.03125
1144,0.071875
1145,0.040625
1146,0.046875
1147,0.03125
1148,0.05625
1149,0.05625
1150,0.053125
1151,0.040625
1152,0.04375
1153,0.071875
1154,0.071875
1155,0.05625
1156,0.05
1157,0.059375
1158,0.065625
1159,0.059375
1160,0.04375
1161,0.0375
1162,0.065625
1163,0.059375
1164,0.0375
1165,0.0625
1166,0.06875
1167,0.05625
1168,0.0625
1169,0.059375
1170,0.040625
1171,0.0625
1172,0.065625
1173,0.040625
1174,0.046875
1175,0.059375
1176,0.059375
1177,0.053125
1178,0.04375
1179,0.0375
1180,0.059375
1181,0.059375
1182,0.053125
1183,0.06875
1184,0.028125
1185,0.040625
1186,0.059375
1187,0.059375
1188,0.06875
1189,0.059375
1190,0.05625
1191,0.05
1192,0.040625
1193,0.06875
1194,0.05
1195,0.053125
1196,0.059375
1197,0.078125
1198,0.059375
1199,0.059375
1200,0.05625
1201,0.05
1202,0.0625
1203,0.053125
1204,0.05625
1205,0.059375
1206,0.05
1207,0.05625
1208,0.053125
1209,0.0625
1210,0.040625
1211,0.040625
1212,0.053125
1213,0.034375
1214,0.08125
1215,0.05
1216,0.059375
1217,0.065625
1218,0.05625
1219,0.05625
1220,0.059375
1221,0.075
1222,0.053125
1223,0.034375
1224,0.040625
1225,0.05
1226,0.0625
1227,0.040625
1228,0.046875
1229,0.05
1230,0.096875
1231,0.04375
1232,0.059375
1233,0.04375
1234,0.05625
1235,0.025
1236,0.040625
1237,0.03125
1238,0.06875
1239,0.034375
1240,0.05
1241,0.06875
1242,0.028125
1243,0.0625
1244,0.046875
1245,0.0375
1246,0.046875
1247,0.06875
1248,0.065625
1249,0.05625
1250,0.03125
1251,0.028125
1252,0.021875
1253,0.0375
1254,0.040625
1255,0.059375
1256,0.025
1257,0.0625
1258,0.08125
1259,0.05625
1260,0.040625
1261,0.06875
1262,0.04375
1263,0.046875
1264,0.04375
1265,0.053125
1266,0.04375
1267,0.065625
1268,0.04375
1269,0.04375
1270,0.05
1271,0.059375
1272,0.059375
1273,0.0375
1274,0.06875
1275,0.040625
1276,0.078125
1277,0.053125
1278,0.059375
1279,0.059375
1280,0.06875
1281,0.065625
1282,0.05
1283,0.053125
1284,0.046875
1285,0.04375
1286,0.046875
1287,0.05
1288,0.065625
1289,0.0625
1290,0.040625
1291,0.05
1292,0.053125
1293,0.0625
1294,0.04375
1295,0.084375
1296,0.05
1297,0.034375
1298,0.059375
1299,0.040625
1300,0.053125
1301,0.053125
1302,0.05
1303,0.065625
1304,0.046875
1305,0.04375
1306,0.046875
1307,0.05625
1308,0.0625
1309,0.053125
1310,0.065625
1311,0.034375
1312,0.040625
1313,0.040625
1314,0.059375
1315,0.071875
1316,0.046875
1317,0.034375
1318,0.059375
1319,0.034375
1320,0.0625
1321,0.0625
1322,0.040625
1323,0.046875
1324,0.059375
1325,0.046875
1326,0.0375
1327,0.065625
1328,0.06875
1329,0.06875
1330,0.04375
1331,0.040625
1332,0.021875
1333,0.028125
1334,0.025
1335,0.0375
1336,0.040625
1337,0.05625
1338,0.065625
1339,0.04375
1340,0.034375
1341,0.04375
1342,0.021875
1343,0.0625
1344,0.03125
1345,0.059375
1346,0.04375
1347,0.065625
1348,0.05
1349,0.0375
1350,0.05
1351,0.0625
1352,0.053125
1353,0.0625
1354,0.040625
1355,0.03125
1356,0.053125
1357,0.040625
1358,0.0375
1359,0.04375
1360,0.0375
1361,0.04375
1362,0.034375
1363,0.04375
1364,0.040625
1365,0.05625
1366,0.0625
1367,0.053125
1368,0.0375
1369,0.046875
1370,0.040625
1371,0.053125
1372,0.05
1373,0.04375
1374,0.05
1375,0.05625
1376,0.05625
1377,0.05
1378,0.05
1379,0.034375
1380,0.05625
1381,0.059375
1382,0.046875
1383,0.046875
1384,0.0125
1385,0.046875
1386,0.0375
1387,0.053125
1388,0.0375
1389,0.06875
1390,0.03125
1391,0.021875
1392,0.046875
1393,0.05
1394,0.053125
1395,0.0375
1396,0.065625
1397,0.03125
1398,0.059375
1399,0.04375
1400,0.05625
1401,0.046875
1402,0.04375
1403,0.046875
1404,0.04375
1405,0.05625
1406,0.04375
1407,0.04375
1408,0.05
1409,0.05
1410,0.021875
1411,0.034375
1412,0.05
1413,0.040625
1414,0.05625
1415,0.05
1416,0.04375
1417,0.046875
1418,0.046875
1419,0.05
1420,0.040625
1421,0.028125
1422,0.046875
1423,0.05
1424,0.046875
1425,0.05
1426,0.028125
1427,0.071875
1428,0.021875
1429,0.046875
1430,0.05
1431,0.04375
1432,0.04375
1433,0.03125
1434,0.0625
1435,0.0375
1436,0.04375
1437,0.0375
1438,0.04375
1439,0.034375
1440,0.034375
1441,0.040625
1442,0.0375
1443,0.059375
1444,0.053125
1445,0.059375
1446,0.021875
1447,0.05
1448,0.0375
1449,0.03125
1450,0.040625
1451,0.05
1452,0.046875
1453,0.03125
1454,0.025
1455,0.04375
1456,0.034375
1457,0.053125
1458,0.03125
1459,0.0625
1460,0.028125
1461,0.028125
1462,0.06875
1463,0.065625
1464,0.040625
1465,0.03125
1466,0.05
1467,0.028125
1468,0.034375
1469,0.05
1470,0.05625
1471,0.034375
1472,0.053125
1473,0.03125
1474,0.053125
1475,0.04375
1476,0.046875
1477,0.040625
1478,0.0375
1479,0.053125
1480,0.040625
1481,0.040625
1482,0.05625
1483,0.028125
1484,0.0375
1485,0.034375
1486,0.021875
1487,0.053125
1488,0.0375
1489,0.05
1490,0.021875
1491,0.046875
1492,0.0625
1493,0.040625
1494,0.0375
1495,0.04375
1496,0.05
1497,0.03125
1498,0.059375
1499,0.046875
1500,0.034375
1501,0.028125
1502,0.046875
1503,0.065625
1504,0.05
1505,0.028125
1506,0.05
1507,0.05
1508,0.04375
1509,0.053125
1510,0.05625
1511,0.03125
1512,0.05
1513,0.046875
1514,0.04375
1515,0.040625
1516,0.046875
1517,0.05625
1518,0.046875
1519,0.040625
1520,0.0625
1521,0.025
1522,0.04375
1523,0.0375
1524,0.028125
1525,0.028125
1526,0.03125
1527,0.053125
1528,0.028125
1529,0.0375
1530,0.059375
1531,0.034375
1532,0.053125
1533,0.053125
1534,0.046875
1535,0.034375
1536,0.034375
1537,0.040625
1538,0.0375
1539,0.05
1540,0.034375
1541,0.0375
1542,0.059375
1543,0.05
1544,0.03125
1545,0.040625
1546,0.03125
1547,0.05
1548,0.021875
1549,0.04375
1550,0.015625
1551,0.0375
1552,0.0375
1553,0.028125
1554,0.034375
1555,0.0375
1556,0.046875
1557,0.034375
1558,0.034375
1559,0.040625
1560,0.040625
1561,0.021875
1562,0.04375
1563,0.053125
1564,0.034375
1565,0.053125
1566,0.034375
1567,0.03125
1568,0.05625
1569,0.046875
1570,0.046875
1571,0.028125
1572,0.028125
1573,0.03125
1574,0.040625
1575,0.059375
1576,0.05625
1577,0.028125
1578,0.040625
1579,0.046875
1580,0.046875
1581,0.053125
1582,0.040625
1583,0.065625
1584,0.021875
1585,0.05
1586,0.046875
1587,0.04375
1588,0.05625
1589,0.04375
1590,0.025
1591,0.05625
1592,0.046875
1593,0.025
1594,0.04375
1595,0.01875
1596,0.0375
1597,0.03125
1598,0.046875
1599,0.053125
1600,0.04375
1601,0.034375
1602,0.0375
1603,0.05625
1604,0.078125
1605,0.046875
1606,0.065625
1607,0.0375
1608,0.040625
1609,0.046875
1610,0.04375
1611,0.025
1612,0.05
1613,0.025
1614,0.034375
1615,0.053125
1616,0.05
1617,0.03125
1618,0.046875
1619,0.034375
1620,0.0375
1621,0.034375
1622,0.034375
1623,0.05625
1624,0.028125
1625,0.059375
1626,0.046875
1627,0.0375
1628,0.046875
1629,0.05
1630,0.040625
1631,0.053125
1632,0.03125
1633,0.053125
1634,0.028125
1635,0.071875
1636,0.0375
1637,0.034375
1638,0.040625
1639,0.034375
1640,0.034375
1641,0.040625
1642,0.040625
1643,0.028125
1644,0.053125
1645,0.034375
1646,0.040625
1647,0.009375
1648,0.046875
1649,0.025
1650,0.04375
1651,0.071875
1652,0.01875
1653,0.01875
1654,0.028125
1655,0.040625
1656,0.025
1657,0.040625
1658,0.04375
1659,0.034375
1660,0.040625
1661,0.0375
1662,0.028125
1663,0.03125
1664,0.05
1665,0.040625
1666,0.028125
1667,0.0375
1668,0.04375
1669,0.046875
1670,0.01875
1671,0.059375
1672,0.034375
1673,0.028125
1674,0.053125
1675,0.034375
1676,0.01875
1677,0.015625
1678,0.053125
1679,0.040625
1680,0.0375
1681,0.04375
1682,0.05
1683,0.034375
1684,0.01875
1685,0.0375
1686,0.0375
1687,0.034375
1688,0.04375
1689,0.05625
1690,0.03125
1691,0.05
1692,0.065625
1693,0.04375
1694,0.034375
1695,0.034375
1696,0.065625
1697,0.028125
1698,0.059375
1699,0.05
1700,0.04375
1701,0.015625
1702,0.03125
1703,0.046875
1704,0.03125
1705,0.028125
1706,0.040625
1707,0.040625
1708,0.0375
1709,0.04375
1710,0.053125
1711,0.04375
1712,0.021875
1713,0.05
1714,0.059375
1715,0.0375
1716,0.021875
1717,0.05
1718,0.0375
1719,0.040625
1720,0.03125
1721,0.04375
1722,0.046875
1723,0.040625
1724,0.0375
1725,0.025
1726,0.040625
1727,0.03125
1728,0.01875
1729,0.040625
1730,0.0625
1731,0.053125
1732,0.03125
1733,0.028125
1734,0.03125
1735,0.05625
1736,0.05
1737,0.03125
1738,0.065625
1739,0.034375
1740,0.025
1741,0.034375
1742,0.04375
1743,0.03125
1744,0.059375
1745,0.021875
1746,0.04375
1747,0.05
1748,0.034375
1749,0.053125
1750,0.053125
1751,0.05
1752,0.025
1753,0.040625
1754,0.0375
1755,0.034375
1756,0.053125
1757,0.053125
1758,0.034375
1759,0.03125
1760,0.053125
1761,0.0125
1762,0.028125
1763,0.025
1764,0.028125
1765,0.0375
1766,0.0375
1767,0.04375
1768,0.0125
1769,0.040625
1770,0.0375
1771,0.0375
1772,0.028125
1773,0.028125
1774,0.05
1775,0.025
1776,0.034375
1777,0.025
1778,0.04375
1779,0.034375
1780,0.021875
1781,0.015625
1782,0.01875
1783,0.053125
1784,0.025
1785,0.021875
1786,0.015625
1787,0.025
1788,0.025
1789,0.0375
1790,0.03125
1791,0.021875
1792,0.03125
1793,0.025
1794,0.040625
1795,0.0375
1796,0.03125
1797,0.01875
1798,0.034375
1799,0.025
1800,0.025
1801,0.01875
1802,0.040625
1803,0.03125
1804,0.040625
1805,0.04375
1806,0.04375
1807,0.01875
1808,0.034375
1809,0.028125
1810,0.046875
1811,0.0375
1812,0.034375
1813,0.025
1814,0.025
1815,0.034375
1816,0.03125
1817,0.03125
1818,0.0375
1819,0.05
1820,0.040625
1821,0.028125
1822,0.0375
1823,0.04375
1824,0.0375
1825,0.025
1826,0.025
1827,0.05
1828,0.025
1829,0.028125
1830,0.03125
1831,0.028125
1832,0.009375
1833,0.040625
1834,0.01875
1835,0.021875
1836,0.01875
1837,0.04375
1838,0.021875
1839,0.034375
1840,0.065625
1841,0.025
1842,0.05
1843,0.028125
1844,0.04375
1845,0.034375
1846,0.025
1847,0.0375
1848,0.0375
1849,0.04375
1850,0.046875
1851,0.028125
1852,0.021875
1853,0.053125
1854,0.034375
1855,0.03125
1856,0.009375
1857,0.0125
1858,0.0375
1859,0.01875
1860,0.053125
1861,0.01875
1862,0.0375
1863,0.040625
1864,0.01875
1865,0.040625
1866,0.01875
1867,0.04375
1868,0.025
1869,0.034375
1870,0.0125
1871,0.046875
1872,0.0625
1873,0.025
1874,0.015625
1875,0.021875
1876,0.01875
1877,0.01875
1878,0.028125
1879,0.015625
1880,0.021875
1881,0.034375
1882,0.040625
1883,0.028125
1884,0.025
1885,0.021875
1886,0.01875
1887,0.021875
1888,0.028125
1889,0.015625
1890,0.025
1891,0.0125
1892,0.034375
1893,0.03125
1894,0.034375
1895,0.040625
1896,0.015625
1897,0.040625
1898,0.021875
1899,0.015625
1900,0.0375
1901,0.021875
1902,0.021875
1903,0.034375
1904,0.040625
1905,0.025
1906,0.040625
1907,0.040625
1908,0.015625
1909,0.021875
1910,0.04375
1911,0.03125
1912,0.028125
1913,0.0375
1914,0.025
1915,0.053125
1916,0.025
1917,0.028125
1918,0.025
1919,0.046875
1920,0.0375
1921,0.034375
1922,0.03125
1923,0.028125
1924,0.025
1925,0.025
1926,0.0375
1927,0.0375
1928,0.034375
1929,0.04375
1930,0.028125
1931,0.0375
1932,0.034375
1933,0.0375
1934,0.034375
1935,0.025
1936,0.034375
1937,0.021875
1938,0.021875
1939,0.025
1940,0.025
1941,0.01875
1942,0.040625
1943,0.034375
1944,0.03125
1945,0.015625
1946,0.034375
1947,0.021875
1948,0.025
1949,0.040625
1950,0.0125
1951,0.05
1952,0.040625
1953,0.04375
1954,0.03125
1955,0.025
1956,0.021875
1957,0.015625
1958,0.04375
1959,0.03125
1960,0.028125
1961,0.021875
1962,0.0375
1963,0.025
1964,0.021875
1965,0.05
1966,0.028125
1967,0.040625
1968,0.0125
1969,0.021875
1970,0.0375
1971,0.046875
1972,0.04375
1973,0.025
1974,0.028125
1975,0.01875
1976,0.04375
1977,0.0375
1978,0.021875
1979,0.015625
1980,0.05625
1981,0.028125
1982,0.028125
1983,0.021875
1984,0.015625
1985,0.025
1986,0.034375
1987,0.01875
1988,0.028125
1989,0.01875
1990,0.0375
1991,0.025
1992,0.028125
1993,0.03125
1994,0.0375
1995,0.015625
1996,0.021875
1997,0.009375
1998,0.03125
1999,0.04375
2000,0.009375
2001,0.021875
2002,0.021875
2003,0.034375
2004,0.034375
2005,0.01875
2006,0.034375
2007,0.009375
2008,0.040625
2009,0.04375
2010,0.028125
2011,0.040625
2012,0.03125
2013,0.03125
2014,0.015625
2015,0.028125
2016,0.0125
2017,0.003125
2018,0.01875
2019,0.04375
2020,0.03125
2021,0.021875
2022,0.021875
2023,0.01875
2024,0.028125
2025,0.021875
2026,0.034375
2027,0.021875
2028,0.021875
2029,0.021875
2030,0.028125
2031,0.03125
2032,0.028125
2033,0.025
2034,0.015625
2035,0.034375
2036,0.025
2037,0.025
2038,0.025
2039,0.028125
2040,0.028125
2041,0.0375
2042,0.025
2043,0.01875
2044,0.03125
2045,0.021875
2046,0.0125
2047,0.025
2048,0.034375
2049,0.03125
2050,0.021875
2051,0.034375
2052,0.0125
2053,0.025
2054,0.053125
2055,0.01875
2056,0.03125
2057,0.034375
2058,0.0375
2059,0.025
2060,0.01875
2061,0.025
2062,0.025
2063,0.021875
2064,0.028125
2065,0.025
2066,0.015625
2067,0.015625
2068,0.034375
2069,0.01875
2070,0.028125
2071,0.025
2072,0.028125
2073,0.015625
2074,0.021875
2075,0.025
2076,0.03125
2077,0.028125
2078,0.025
2079,0.034375
2080,0.015625
2081,0.028125
2082,0.034375
2083,0.0125
2084,0.021875
2085,0.025
2086,0.040625
2087,0.021875
2088,0.01875
2089,0.034375
2090,0.015625
2091,0.025
2092,0.025
2093,0.025
2094,0.01875
2095,0.003125
2096,0.025
2097,0.04375
2098,0.015625
2099,0.046875
2100,0.015625
2101,0.034375
2102,0.01875
2103,0.025
2104,0.03125
2105,0.03125
2106,0.025
2107,0.0125
2108,0.01875
2109,0.028125
2110,0.0125
2111,0.028125
2112,0.0125
2113,0.01875
2114,0.021875
2115,0.028125
2116,0.021875
2117,0.0125
2118,0.01875
2119,0.015625
2120,0.034375
2121,0.040625
2122,0.015625
2123,0.0125
2124,0.021875
2125,0.021875
2126,0.025
2127,0.01875
2128,0.00625
2129,0.01875
2130,0.021875
2131,0.028125
2132,0.015625
2133,0.025
2134,0.015625
2135,0.00625
2136,0.01875
2137,0.003125
2138,0.034375
2139,0.0125
2140,0.015625
2141,0.028125
2142,0.028125
2143,0.01875
2144,0.021875
2145,0.025
2146,0.009375
2147,0.034375
2148,0.03125
2149,0.03125
2150,0.025
2151,0.028125
2152,0.028125
2153,0.009375
2154,0.028125
2155,0.015625
2156,0.021875
2157,0.0375
2158,0.015625
2159,0.021875
2160,0.028125
2161,0.021875
2162,0.0125
2163,0.01875
2164,0.021875
2165,0.021875
2166,0.028125
2167,0.034375
2168,0.021875
2169,0.028125
2170,0.034375
2171,0.009375
2172,0.021875
2173,0.025
2174,0.015625
2175,0.015625
2176,0.015625
2177,0.025
2178,0.015625
2179,0.025
2180,0.01875
2181,0.015625
2182,0.03125
2183,0.025
2184,0.0125
2185,0.01875
2186,0.03125
2187,0.028125
2188,0.03125
2189,0.025
2190,0.015625
2191,0.009375
2192,0.021875
2193,0.021875
2194,0.0125
2195,0.021875
2196,0.00625
2197,0.025
2198,0.015625
2199,0.028125
2200,0.015625
2201,0.015625
2202,0.00625
2203,0.0125
2204,0.025
2205,0.025
2206,0.025
2207,0.015625
2208,0.025
2209,0.028125
2210,0.025
2211,0.01875
2212,0.00625
2213,0.028125
2214,0.034375
2215,0.015625
2216,0.015625
2217,0.015625
2218,0.009375
2219,0.003125
2220,0.021875
2221,0.015625
2222,0.009375
2223,0.01875
2224,0.00625
2225,0.015625
2226,0.0125
2227,0.025
2228,0.00625
2229,0.015625
2230,0.01875
2231,0.025
2232,0.028125
2233,0.015625
2234,0.025
2235,0.015625
2236,0.01875
2237,0.025
2238,0.015625
2239,0.00625
2240,0.0125
2241,0.0125
2242,0.01875
2243,0.021875
2244,0.009375
2245,0.01875
2246,0.015625
2247,0.028125
2248,0.01875
2249,0.01875
2250,0.025
2251,0.0
2252,0.009375
2253,0.021875
2254,0.025
2255,0.01875
2256,0.01875
2257,0.01875
2258,0.015625
2259,0.015625
2260,0.028125
2261,0.025
2262,0.00625
2263,0.015625
2264,0.021875
2265,0.025
2266,0.03125
2267,0.009375
2268,0.015625
2269,0.0125
2270,0.021875
2271,0.028125
2272,0.01875
2273,0.015625
2274,0.01875
2275,0.01875
2276,0.01875
2277,0.015625
2278,0.028125
2279,0.009375
2280,0.00625
2281,0.03125
2282,0.0125
2283,0.01875
2284,0.021875
2285,0.009375
2286,0.00625
2287,0.0
2288,0.0375
2289,0.015625
2290,0.009375
2291,0.021875
2292,0.015625
2293,0.021875
2294,0.028125
2295,0.01875
2296,0.009375
2297,0.0125
2298,0.03125
2299,0.0125
2300,0.01875
2301,0.0125
2302,0.015625
2303,0.01875
2304,0.009375
2305,0.009375
2306,0.00625
2307,0.021875
2308,0.015625
2309,0.015625
2310,0.0125
2311,0.009375
2312,0.00625
2313,0.028125
2314,0.01875
2315,0.015625
2316,0.021875
2317,0.0125
2318,0.028125
2319,0.00625
2320,0.021875
2321,0.015625
2322,0.0125
2323,0.009375
2324,0.003125
2325,0.03125
2326,0.021875
2327,0.015625
2328,0.0125
2329,0.01875
2330,0.015625
2331,0.015625
2332,0.009375
2333,0.01875
2334,0.009375
2335,0.015625
2336,0.015625
2337,0.0125
2338,0.025
2339,0.021875
2340,0.021875
2341,0.021875
2342,0.0125
2343,0.009375
2344,0.015625
2345,0.028125
2346,0.0125
2347,0.021875
2348,0.03125
2349,0.009375
2350,0.0125
2351,0.015625
2352,0.00625
2353,0.0125
2354,0.03125
2355,0.015625
2356,0.025
2357,0.009375
2358,0.0125
2359,0.01875
2360,0.021875
2361,0.01875
2362,0.015625
2363,0.015625
2364,0.00625
2365,0.034375
2366,0.03125
2367,0.0125
2368,0.0125
2369,0.0125
2370,0.00625
2371,0.015625
2372,0.025
2373,0.009375
2374,0.009375
2375,0.0125
2376,0.028125
2377,0.01875
2378,0.015625
2379,0.00625
2380,0.009375
2381,0.021875
2382,0.0125
2383,0.01875
2384,0.03125
2385,0.025
2386,0.021875
2387,0.0125
2388,0.0125
2389,0.0125
2390,0.00625
2391,0.01875
2392,0.015625
2393,0.028125
2394,0.0125
2395,0.015625
2396,0.0125
2397,0.0125
2398,0.028125
2399,0.0125
2400,0.009375
2401,0.009375
2402,0.0125
2403,0.021875
2404,0.021875
2405,0.015625
2406,0.00625
2407,0.021875
2408,0.0125
2409,0.0375
2410,0.00625
2411,0.0125
2412,0.00625
2413,0.021875
2414,0.025
2415,0.009375
2416,0.009375
2417,0.00625
2418,0.00625
2419,0.028125
2420,0.015625
2421,0.00625
2422,0.0125
2423,0.025
2424,0.0125
2425,0.028125
2426,0.015625
2427,0.0125
2428,0.009375
2429,0.0125
2430,0.015625
2431,0.01875
2432,0.025
2433,0.01875
2434,0.009375
2435,0.015625
2436,0.015625
2437,0.009375
2438,0.00625
2439,0.003125
2440,0.00625
2441,0.021875
2442,0.01875
2443,0.021875
2444,0.00625
2445,0.0125
2446,0.021875
2447,0.025
2448,0.01875
2449,0.0
2450,0.021875
2451,0.009375
2452,0.0125
2453,0.015625
2454,0.009375
2455,0.009375
2456,0.01875
2457,0.009375
2458,0.0125
2459,0.003125
2460,0.028125
2461,0.009375
2462,0.009375
2463,0.0125
2464,0.009375
2465,0.009375
2466,0.003125
2467,0.00625
2468,0.025
2469,0.0125
2470,0.0125
2471,0.0125
2472,0.021875
2473,0.015625
2474,0.0125
2475,0.0125
2476,0.009375
2477,0.01875
2478,0.00625
2479,0.0125
2480,0.0125
2481,0.00625
2482,0.009375
2483,0.0125
2484,0.0125
2485,0.009375
2486,0.0
2487,0.028125
2488,0.003125
2489,0.01875
2490,0.00625
2491,0.021875
2492,0.01875
2493,0.009375
2494,0.025
2495,0.0125
2496,0.00625
2497,0.03125
2498,0.015625
2499,0.0125
2500,0.015625
2501,0.003125
2502,0.0125
2503,0.009375
2504,0.021875
2505,0.015625
2506,0.00625
2507,0.01875
2508,0.003125
2509,0.025
2510,0.015625
2511,0.009375
2512,0.0125
2513,0.003125
2514,0.009375
2515,0.021875
2516,0.0125
2517,0.01875
2518,0.0125
2519,0.015625
2520,0.015625
2521,0.015625
2522,0.00625
2523,0.003125
2524,0.003125
2525,0.021875
2526,0.009375
2527,0.01875
2528,0.0125
2529,0.0125
2530,0.0
2531,0.0125
2532,0.009375
2533,0.003125
2534,0.0125
2535,0.01875
2536,0.009375
2537,0.0125
2538,0.0125
2539,0.003125
2540,0.0125
2541,0.009375
2542,0.003125
2543,0.009375
2544,0.015625
2545,0.0
2546,0.003125
2547,0.0
2548,0.009375
2549,0.009375
2550,0.00625
2551,0.009375
2552,0.015625
2553,0.003125
2554,0.015625
2555,0.00625
2556,0.01875
2557,0.009375
2558,0.015625
2559,0.00625
2560,0.0
2561,0.003125
2562,0.00625
2563,0.01875
2564,0.009375
2565,0.003125
2566,0.003125
2567,0.01875
2568,0.0
2569,0.009375
2570,0.0
2571,0.00625
2572,0.00625
2573,0.009375
2574,0.00625
2575,0.00625
2576,0.0125
2577,0.009375
2578,0.003125
2579,0.009375
2580,0.015625
2581,0.0125
2582,0.003125
2583,0.009375
2584,0.009375
2585,0.015625
2586,0.00625
2587,0.00625
2588,0.015625
2589,0.0
2590,0.0
2591,0.0125
2592,0.015625
2593,0.00625
2594,0.003125
2595,0.00625
2596,0.00625
2597,0.00625
2598,0.003125
2599,0.0
2600,0.00625
2601,0.0125
2602,0.009375
2603,0.009375
2604,0.003125
2605,0.0125
2606,0.00625
2607,0.00625
2608,0.003125
2609,0.009375
2610,0.003125
2611,0.00625
2612,0.00625
2613,0.003125
2614,0.00625
2615,0.0125
2616,0.0
2617,0.003125
2618,0.003125
2619,0.00625
2620,0.015625
2621,0.00625
2622,0.003125
2623,0.00625
2624,0.00625
2625,0.00625
2626,0.003125
2627,0.003125
2628,0.003125
2629,0.0
2630,0.003125
2631,0.0
2632,0.009375
2633,0.0
2634,0.003125
2635,0.00625
2636,0.003125
2637,0.0
2638,0.00625
2639,0.003125
2640,0.00625
2641,0.003125
2642,0.00625
2643,0.003125
2644,0.003125
2645,0.0
2646,0.00625
2647,0.0125
2648,0.003125
2649,0.009375
2650,0.0
2651,0.0
2652,0.003125
2653,0.003125
2654,0.0
2655,0.003125
2656,0.0
2657,0.0
2658,0.00625
2659,0.003125
2660,0.009375
2661,0.003125
2662,0.0
2663,0.00625
2664,0.003125
2665,0.0
2666,0.0
2667,0.003125
2668,0.00625
2669,0.00625
2670,0.0
2671,0.009375
2672,0.00625
2673,0.0
2674,0.0
2675,0.003125
2676,0.0125
2677,0.0
2678,0.0
2679,0.0
2680,0.0
2681,0.003125
2682,0.0
2683,0.0
2684,0.00625
2685,0.0
2686,0.0
2687,0.0125
2688,0.0
2689,0.003125
2690,0.0
2691,0.0
2692,0.0
2693,0.0
2694,0.0
2695,0.0
2696,0.0
2697,0.003125
2698,0.0
2699,0.003125
2700,0.003125
2701,0.0
2702,0.0
2703,0.0
2704,0.0
2705,0.0
2706,0.003125
2707,0.0
2708,0.0
2709,0.0
2710,0.0
2711,0.003125
2712,0.0
2713,0.0
2714,0.0
2715,0.0
2716,0.0
2717,0.0
2718,0.0
2719,0.0
2720,0.0
2721,0.0
2722,0.0
2723,0.0
2724,0.003125
2725,0.0
2726,0.003125
2727,0.0
2728,0.0
2729,0.0
2730,0.0
2731,0.003125
2732,0.003125
2733,0.0
2734,0.0
2735,0.003125
2736,0.0
2737,0.0
2738,0.003125
2739,0.0
2740,0.0
2741,0.0
2742,0.0
2743,0.003125
2744,0.003125
2745,0.0
2746,0.0
2747,0.0
2748,0.0
2749,0.0
2750,0.0
2751,0.0
2752,0.003125
2753,0.0
2754,0.0
2755,0.003125
2756,0.003125
2757,0.0
2758,0.0
2759,0.0
2760,0.0
2761,0.0
2762,0.0
2763,0.0
2764,0.003125
2765,0.0
2766,0.0
2767,0.003125
2768,0.0
2769,0.0
2770,0.0
2771,0.0
2772,0.0
2773,0.0
2774,0.0
2775,0.0
2776,0.0
2777,0.0
2778,0.0
2779,0.0
2780,0.0
2781,0.0
2782,0.0
2783,0.0
2784,0.0
2785,0.0
2786,0.0
2787,0.0
2788,0.0
2789,0.0
2790,0.0
2791,0.0
2792,0.0
2793,0.0
2794,0.0
2795,0.0
2796,0.0
2797,0.0
2798,0.0
2799,0.0
