Arrival Time,Index
294.000000000
298.000000000
279.000000000
258.000000000
265.000000000
238.000000000
294.000000000
285.000000000
266.000000000
296.000000000
282.000000000
294.000000000
279.000000000
300.000000000
276.000000000
257.000000000
299.000000000
252.000000000
281.000000000
286.000000000
275.000000000
276.000000000
264.000000000
305.000000000
289.000000000
246.000000000
270.000000000
276.000000000
274.000000000
265.000000000
284.000000000
262.000000000
279.000000000
268.000000000
281.000000000
282.000000000
283.000000000
287.000000000
297.000000000
284.000000000
280.000000000
286.000000000
267.000000000
283.000000000
269.000000000
272.000000000
289.000000000
273.000000000
265.000000000
289.000000000
298.000000000
275.000000000
280.000000000
287.000000000
296.000000000
284.000000000
286.000000000
305.000000000
267.000000000
258.000000000
293.000000000
301.000000000
279.000000000
261.000000000
262.000000000
275.000000000
285.000000000
270.000000000
279.000000000
246.000000000
254.000000000
267.000000000
289.000000000
266.000000000
279.000000000
275.000000000
262.000000000
292.000000000
283.000000000
242.000000000
279.000000000
283.000000000
306.000000000
301.000000000
259.000000000
252.000000000
257.000000000
265.000000000
259.000000000
268.000000000
259.000000000
307.000000000
305.000000000
287.000000000
287.000000000
258.000000000
282.000000000
268.000000000
270.000000000
289.000000000
275.000000000
285.000000000
295.000000000
269.000000000
273.000000000
266.000000000
276.000000000
301.000000000
288.000000000
283.000000000
308.000000000
315.000000000
244.000000000
285.000000000
273.000000000
279.000000000
296.000000000
280.000000000
304.000000000
276.000000000
291.000000000
277.000000000
243.000000000
270.000000000
289.000000000
285.000000000
275.000000000
270.000000000
294.000000000
279.000000000
306.000000000
287.000000000
286.000000000
289.000000000
264.000000000
291.000000000
251.000000000
292.000000000
253.000000000
261.000000000
231.000000000
314.000000000
265.000000000
281.000000000
282.000000000
302.000000000
275.000000000
262.000000000
297.000000000
271.000000000
289.000000000
290.000000000
275.000000000
265.000000000
285.000000000
303.000000000
279.000000000
292.000000000
270.000000000
266.000000000
281.000000000
290.000000000
290.000000000
300.000000000
301.000000000
265.000000000
256.000000000
277.000000000
303.000000000
283.000000000
258.000000000
312.000000000
317.000000000
279.000000000
293.000000000
297.000000000
283.000000000
269.000000000
263.000000000
254.000000000
249.000000000
295.000000000
279.000000000
293.000000000
279.000000000
264.000000000
286.000000000
287.000000000
289.000000000
284.000000000
276.000000000
300.000000000
299.000000000
295.000000000
289.000000000
243.000000000
336.000000000
266.000000000
293.000000000
262.000000000
255.000000000
289.000000000
280.000000000
269.000000000
272.000000000
269.000000000
291.000000000
307.000000000
293.000000000
272.000000000
259.000000000
293.000000000
258.000000000
271.000000000
258.000000000
304.000000000
286.000000000
263.000000000
264.000000000
264.000000000
299.000000000
286.000000000
265.000000000
286.000000000
280.000000000
277.000000000
288.000000000
289.000000000
280.000000000
279.000000000
299.000000000
294.000000000
277.000000000
292.000000000
288.000000000
292.000000000
284.000000000
255.000000000
272.000000000
280.000000000
284.000000000
286.000000000
309.000000000
277.000000000
287.000000000
277.000000000
287.000000000
273.000000000
266.000000000
285.000000000
280.000000000
262.000000000
258.000000000
273.000000000
255.000000000
288.000000000
276.000000000
274.000000000
281.000000000
297.000000000
289.000000000
255.000000000
285.000000000
274.000000000
286.000000000
283.000000000
281.000000000
307.000000000
271.000000000
288.000000000
269.000000000
297.000000000
254.000000000
277.000000000
254.000000000
311.000000000
280.000000000
258.000000000
292.000000000
291.000000000
305.000000000
274.000000000
275.000000000
265.000000000
264.000000000
279.000000000
292.000000000
263.000000000
281.000000000
279.000000000
261.000000000
300.000000000
274.000000000
304.000000000
305.000000000
281.000000000
290.000000000
298.000000000
291.000000000
271.000000000
278.000000000
297.000000000
290.000000000
288.000000000
295.000000000
292.000000000
288.000000000
263.000000000
276.000000000
293.000000000
274.000000000
284.000000000
270.000000000
308.000000000
281.000000000
283.000000000
272.000000000
266.000000000
266.000000000
280.000000000
289.000000000
280.000000000
291.000000000
264.000000000
289.000000000
267.000000000
254.000000000
262.000000000
278.000000000
276.000000000
249.000000000
294.000000000
309.000000000
289.000000000
292.000000000
311.000000000
270.000000000
275.000000000
305.000000000
282.000000000
247.000000000
295.000000000
296.000000000
300.000000000
269.000000000
268.000000000
261.000000000
286.000000000
253.000000000
263.000000000
299.000000000
307.000000000
268.000000000
276.000000000
287.000000000
270.000000000
267.000000000
261.000000000
289.000000000
286.000000000
269.000000000
313.000000000
281.000000000
288.000000000
279.000000000
279.000000000
278.000000000
277.000000000
286.000000000
288.000000000
256.000000000
288.000000000
285.000000000
284.000000000
268.000000000
277.000000000
281.000000000
265.000000000
272.000000000
283.000000000
276.000000000
280.000000000
308.000000000
245.000000000
269.000000000
278.000000000
244.000000000
265.000000000
274.000000000
281.000000000
286.000000000
277.000000000
289.000000000
277.000000000
302.000000000
278.000000000
238.000000000
264.000000000
276.000000000
271.000000000
254.000000000
250.000000000
300.000000000
288.000000000
297.000000000
273.000000000
285.000000000
282.000000000
293.000000000
264.000000000
257.000000000
248.000000000
298.000000000
265.000000000
282.000000000
283.000000000
282.000000000
299.000000000
304.000000000
248.000000000
268.000000000
293.000000000
321.000000000
280.000000000
292.000000000
275.000000000
287.000000000
271.000000000
278.000000000
273.000000000
294.000000000
280.000000000
250.000000000
250.000000000
278.000000000
279.000000000
267.000000000
287.000000000
294.000000000
279.000000000
259.000000000
268.000000000
295.000000000
283.000000000
290.000000000
288.000000000
288.000000000
274.000000000
288.000000000
301.000000000
259.000000000
262.000000000
288.000000000
243.000000000
258.000000000
294.000000000
291.000000000
285.000000000
273.000000000
293.000000000
251.000000000
272.000000000
275.000000000
279.000000000
275.000000000
276.000000000
291.000000000
280.000000000
285.000000000
284.000000000
278.000000000
275.000000000
271.000000000
245.000000000
268.000000000
252.000000000
293.000000000
286.000000000
321.000000000
285.000000000
301.000000000
279.000000000
310.000000000
277.000000000
291.000000000
252.000000000
285.000000000
268.000000000
298.000000000
271.000000000
292.000000000
275.000000000
294.000000000
299.000000000
279.000000000
287.000000000
275.000000000
279.000000000
292.000000000
277.000000000
284.000000000
256.000000000
320.000000000
280.000000000
290.000000000
297.000000000
273.000000000
264.000000000
279.000000000
290.000000000
285.000000000
284.000000000
291.000000000
293.000000000
285.000000000
309.000000000
277.000000000
276.000000000
308.000000000
286.000000000
269.000000000
268.000000000
300.000000000
280.000000000
273.000000000
317.000000000
290.000000000
287.000000000
287.000000000
251.000000000
289.000000000
274.000000000
311.000000000
274.000000000
266.000000000
311.000000000
261.000000000
257.000000000
288.000000000
272.000000000
259.000000000
297.000000000
282.000000000
297.000000000
307.000000000
285.000000000
273.000000000
280.000000000
283.000000000
275.000000000
287.000000000
273.000000000
251.000000000
287.000000000
275.000000000
306.000000000
291.000000000
257.000000000
289.000000000
285.000000000
280.000000000
291.000000000
255.000000000
251.000000000
259.000000000
277.000000000
276.000000000
323.000000000
273.000000000
262.000000000
275.000000000
287.000000000
281.000000000
271.000000000
320.000000000
278.000000000
279.000000000
278.000000000
291.000000000
290.000000000
276.000000000
298.000000000
293.000000000
274.000000000
266.000000000
270.000000000
263.000000000
243.000000000
261.000000000
275.000000000
275.000000000
243.000000000
282.000000000
259.000000000
253.000000000
286.000000000
288.000000000
288.000000000
311.000000000
280.000000000
241.000000000
294.000000000
296.000000000
276.000000000
274.000000000
267.000000000
279.000000000
285.000000000
300.000000000
263.000000000
257.000000000
320.000000000
287.000000000
291.000000000
237.000000000
281.000000000
273.000000000
308.000000000
287.000000000
288.000000000
287.000000000
256.000000000
285.000000000
280.000000000
270.000000000
280.000000000
284.000000000
278.000000000
297.000000000
262.000000000
293.000000000
315.000000000
303.000000000
295.000000000
277.000000000
264.000000000
267.000000000
292.000000000
284.000000000
283.000000000
280.000000000
274.000000000
265.000000000
288.000000000
282.000000000
273.000000000
307.000000000
265.000000000
256.000000000
293.000000000
258.000000000
251.000000000
302.000000000
289.000000000
299.000000000
246.000000000
271.000000000
286.000000000
276.000000000
280.000000000
293.000000000
300.000000000
271.000000000
289.000000000
278.000000000
288.000000000
255.000000000
255.000000000
265.000000000
294.000000000
269.000000000
290.000000000
317.000000000
277.000000000
278.000000000
282.000000000
282.000000000
244.000000000
279.000000000
287.000000000
294.000000000
294.000000000
285.000000000
276.000000000
292.000000000
290.000000000
289.000000000
277.000000000
272.000000000
275.000000000
279.000000000
281.000000000
276.000000000
309.000000000
291.000000000
253.000000000
291.000000000
262.000000000
327.000000000
291.000000000
280.000000000
238.000000000
290.000000000
287.000000000
280.000000000
257.000000000
293.000000000
256.000000000
267.000000000
311.000000000
260.000000000
275.000000000
279.000000000
278.000000000
263.000000000
308.000000000
284.000000000
265.000000000
237.000000000
248.000000000
295.000000000
265.000000000
271.000000000
290.000000000
304.000000000
281.000000000
301.000000000
263.000000000
297.000000000
269.000000000
290.000000000
306.000000000
277.000000000
256.000000000
274.000000000
282.000000000
314.000000000
290.000000000
278.000000000
268.000000000
274.000000000
262.000000000
255.000000000
299.000000000
289.000000000
256.000000000
271.000000000
272.000000000
294.000000000
296.000000000
274.000000000
288.000000000
278.000000000
291.000000000
270.000000000
277.000000000
274.000000000
278.000000000
291.000000000
302.000000000
255.000000000
314.000000000
264.000000000
271.000000000
289.000000000
309.000000000
254.000000000
281.000000000
262.000000000
278.000000000
275.000000000
271.000000000
277.000000000
291.000000000
267.000000000
251.000000000
299.000000000
307.000000000
284.000000000
271.000000000
312.000000000
282.000000000
288.000000000
290.000000000
288.000000000
289.000000000
292.000000000
284.000000000
285.000000000
271.000000000
275.000000000
277.000000000
272.000000000
301.000000000
277.000000000
283.000000000
275.000000000
256.000000000
284.000000000
287.000000000
299.000000000
276.000000000
282.000000000
279.000000000
285.000000000
275.000000000
263.000000000
311.000000000
285.000000000
306.000000000
286.000000000
300.000000000
296.000000000
306.000000000
266.000000000
292.000000000
303.000000000
277.000000000
318.000000000
281.000000000
268.000000000
282.000000000
281.000000000
294.000000000
314.000000000
263.000000000
305.000000000
287.000000000
282.000000000
283.000000000
261.000000000
275.000000000
284.000000000
283.000000000
254.000000000
313.000000000
296.000000000
273.000000000
304.000000000
254.000000000
277.000000000
263.000000000
257.000000000
294.000000000
264.000000000
279.000000000
257.000000000
253.000000000
303.000000000
283.000000000
287.000000000
279.000000000
254.000000000
303.000000000
271.000000000
286.000000000
264.000000000
285.000000000
295.000000000
261.000000000
293.000000000
251.000000000
270.000000000
258.000000000
286.000000000
303.000000000
334.000000000
258.000000000
284.000000000
241.000000000
289.000000000
258.000000000
268.000000000
277.000000000
285.000000000
290.000000000
297.000000000
301.000000000
276.000000000
303.000000000
273.000000000
275.000000000
293.000000000
263.000000000
272.000000000
252.000000000
286.000000000
276.000000000
284.000000000
307.000000000
270.000000000
296.000000000
248.000000000
279.000000000
295.000000000
263.000000000
268.000000000
286.000000000
267.000000000
266.000000000
282.000000000
264.000000000
287.000000000
293.000000000
274.000000000
292.000000000
282.000000000
295.000000000
299.000000000
310.000000000
277.000000000
276.000000000
294.000000000
290.000000000
320.000000000
260.000000000
277.000000000
296.000000000
253.000000000
289.000000000
275.000000000
260.000000000
285.000000000
296.000000000
283.000000000
307.000000000
299.000000000
261.000000000
265.000000000
254.000000000
264.000000000
260.000000000
292.000000000
284.000000000
284.000000000
274.000000000
259.000000000
258.000000000
283.000000000
281.000000000
290.000000000
281.000000000
286.000000000
280.000000000
291.000000000
279.000000000
309.000000000
305.000000000
269.000000000
281.000000000
291.000000000
269.000000000
277.000000000
278.000000000
292.000000000
272.000000000
260.000000000
260.000000000
281.000000000
282.000000000
279.000000000
268.000000000
253.000000000
327.000000000
262.000000000
284.000000000
242.000000000
245.000000000
263.000000000
285.000000000
285.000000000
283.000000000
309.000000000
297.000000000
288.000000000
249.000000000
308.000000000
292.000000000
277.000000000
262.000000000
255.000000000
311.000000000
269.000000000
258.000000000
336.000000000
285.000000000
302.000000000
281.000000000
251.000000000
303.000000000
260.000000000
284.000000000
271.000000000
279.000000000
274.000000000
281.000000000
273.000000000
293.000000000
293.000000000
291.000000000
